platform,content_type,post_hour,day_of_week,follower_count,hashtag_count,caption_length,video_duration_sec,has_cta,likes,comments,shares,engagement_rate,engagement_level
Instagram,Carousel,20,Mon,11172,18.0,193.0,0,0,717,25,35,0.08656,Medium
YouTube,Reel/Video,12,Fri,19124,18.0,200.0,38,1,1428,134,63,0.11216,Medium
Facebook,Image,12,Thu,5221,,231.0,0,0,158,7,6,0.04003,Low
Facebook,Image,3,Tue,13837,18.0,22.0,0,0,412,13,22,0.04054,Low
YouTube,Story,5,Sat,20101,14.0,340.0,171,0,1401,154,93,0.11582,Medium
Instagram,Image,21,Sun,167268,8.0,331.0,0,1,17153,1193,1193,0.15961,High
YouTube,Reel/Video,16,Sat,79088,26.0,16.0,108,0,8346,769,361,0.15752,High
Instagram,Image,1,Wed,7632,16.0,293.0,0,1,489,46,15,0.09198,Medium
YouTube,Reel/Video,15,Thu,1424,25.0,485.0,5,1,163,13,9,0.17346,High
Instagram,Text,13,Tue,17706,11.0,144.0,0,1,813,24,63,0.06777,Low
Instagram,Image,9,Fri,54202,10.0,470.0,0,0,2628,185,148,0.07238,Low
Instagram,Story,12,Sat,3340,2.0,139.0,84,1,309,17,19,0.13623,High
YouTube,Image,12,Sat,6153,28.0,78.0,0,0,284,28,20,0.07606,Low
X,Reel/Video,14,Sun,24180,12.0,286.0,66,1,2408,133,58,0.12808,High
YouTube,Carousel,18,Sat,26082,4.0,224.0,0,1,2747,201,188,0.16448,High
Instagram,Reel/Video,12,Sat,1816,23.0,367.0,7,0,147,4,7,0.10683,Medium
YouTube,Image,21,Thu,64636,20.0,173.0,0,0,4229,263,287,0.09984,Medium
X,Image,2,Thu,5436,7.0,452.0,0,0,198,13,3,0.04636,Low
YouTube,Image,8,Wed,1608,2.0,273.0,0,0,24,1,1,0.0199,Low
Instagram,Image,19,Sat,7084,4.0,101.0,0,0,448,36,12,0.08696,Medium
Instagram,Reel/Video,7,Thu,4191,2.0,485.0,121,0,276,27,3,0.08876,Medium
X,Image,19,Mon,2606,0.0,273.0,0,0,181,21,11,0.11474,Medium
Facebook,Carousel,7,Sat,59878,24.0,365.0,0,0,2760,153,205,0.07088,Low
YouTube,Reel/Video,20,Wed,7361,16.0,256.0,17,0,808,82,18,0.15541,High
YouTube,Reel/Video,13,Sat,34731,19.0,104.0,102,1,3665,151,242,0.15341,High
YouTube,Reel/Video,0,Fri,6864,8.0,205.0,81,1,526,25,34,0.11233,Medium
Instagram,Carousel,20,Fri,6898,27.0,113.0,0,0,480,11,17,0.08669,Medium
X,Image,1,Sat,15790,27.0,420.0,0,1,1349,31,67,0.11254,Medium
Facebook,Image,0,Wed,13400,16.0,177.0,0,1,808,35,21,0.07597,Low
YouTube,Image,18,Mon,2069,13.0,467.0,0,1,148,14,8,0.11116,Medium
Facebook,Reel/Video,22,Tue,4036,,253.0,85,0,489,16,15,0.15164,High
X,Story,15,Sat,59275,16.0,20.0,167,1,5933,616,323,0.15852,High
Facebook,Reel/Video,5,Thu,9306,16.0,139.0,100,1,800,54,23,0.11573,Medium
X,Image,3,Sun,29468,27.0,378.0,0,0,1611,126,54,0.07666,Medium
X,Carousel,3,Sat,34912,30.0,52.0,0,0,2358,118,108,0.09315,Medium
Facebook,Carousel,10,Tue,7452,18.0,490.0,0,1,345,13,15,0.06159,Low
Instagram,Carousel,0,Thu,1845,18.0,305.0,0,1,96,10,7,0.08726,Medium
Facebook,Reel/Video,12,Tue,20695,0.0,321.0,116,1,1629,165,29,0.10964,Medium
Instagram,Image,4,Thu,9625,27.0,80.0,0,0,330,25,15,0.04987,Low
YouTube,Reel/Video,10,Sat,18454,13.0,303.0,147,1,2329,123,108,0.17546,High
YouTube,Image,11,Tue,8961,15.0,60.0,0,0,471,41,28,0.08191,Medium
X,Reel/Video,23,Sun,7511,0.0,272.0,63,0,416,24,27,0.08295,Medium
YouTube,Carousel,5,Wed,5950,3.0,191.0,0,1,267,25,5,0.06168,Low
YouTube,Reel/Video,2,Wed,486,5.0,236.0,41,1,31,1,1,0.08025,Medium
X,Carousel,15,Sun,19172,22.0,420.0,0,0,842,22,34,0.05623,Low
X,Text,21,Mon,13140,20.0,327.0,0,0,592,64,16,0.06575,Low
YouTube,Carousel,19,Sat,2422,25.0,290.0,0,0,233,11,18,0.14699,High
Instagram,Reel/Video,22,Sun,11077,28.0,478.0,148,1,1541,87,116,0.21504,High
Instagram,Image,7,Mon,30609,6.0,219.0,0,0,1164,105,87,0.06253,Low
YouTube,Carousel,3,Wed,32431,,297.0,0,0,1025,50,54,0.04456,Low
YouTube,Image,13,Tue,32954,21.0,15.0,0,0,1600,142,37,0.06709,Low
YouTube,Reel/Video,7,Sat,36518,15.0,482.0,34,0,3413,200,45,0.11605,Medium
YouTube,Reel/Video,13,Fri,10012,2.0,286.0,143,1,914,89,15,0.12545,High
Facebook,Carousel,20,Wed,6015,14.0,263.0,0,1,456,12,27,0.10424,Medium
Instagram,Image,17,Sun,4304,4.0,93.0,0,0,208,9,12,0.06854,Low
Instagram,Carousel,13,Fri,75974,24.0,237.0,0,1,4682,505,247,0.09782,Medium
Facebook,Image,12,Thu,5115,27.0,158.0,0,0,338,32,6,0.09071,Medium
Instagram,Text,17,Sun,26219,13.0,398.0,0,1,253000,125,34,0.09436,Medium
Facebook,Image,22,Fri,50320,26.0,43.0,0,0,2490,68,94,0.06288,Low
Instagram,Reel/Video,22,Mon,17853,2.0,197.0,125,0,1299,66,47,0.09701,Medium
Instagram,Reel/Video,5,Fri,15157,,209.0,176,0,1227,26,81,0.11282,Medium
Instagram,Reel/Video,13,Sat,1482,13.0,499.0,17,0,123,12,9,0.13765,High
Facebook,Carousel,10,Sun,5317,6.0,,0,1,347,9,18,0.08727,Medium
Instagram,Carousel,13,Wed,1238,21.0,90.0,0,1,56,3,1,0.05654,Low
YouTube,Reel/Video,0,Tue,3679,19.0,406.0,143,1,384,28,26,0.16254,High
Instagram,Carousel,14,Fri,2328,9.0,11.0,0,0,62,1,4,0.03651,Low
Instagram,Image,3,Fri,9767,13.0,167.0,0,1,728,61,44,0.1158,Medium
X,Carousel,6,Thu,7119,22.0,171.0,0,1,359,10,17,0.06658,Low
Instagram,Image,4,Sun,961,9.0,153.0,0,0,53,1,0,0.05827,Low
X,Reel/Video,18,Fri,4724,11.0,374.0,147,0,502,32,14,0.14141,High
YouTube,Reel/Video,17,Sun,13874,10.0,358.0,48,1,1644,135,74,0.17435,High
YouTube,Story,16,Tue,2826,27.0,46.0,66,0,196,5,6,0.08528,Medium
YouTube,Carousel,18,Mon,7371,7.0,103.0,0,1,797,42,60,0.16592,High
X,Image,21,Wed,1898,9.0,28.0,0,1,166,19,6,0.1333,High
Instagram,Reel/Video,21,Mon,10747,17.0,498.0,180,1,1637,120,44,0.20629,High
Instagram,Carousel,0,Thu,1845,18.0,305.0,0,1,96,10,7,0.08726,Medium
Instagram,Image,13,Sat,6930,30.0,432.0,0,0,407,12,31,0.08629,Medium
X,Text,6,Sat,10696,27.0,464.0,0,0,504,31,14,0.06236,Low
Instagram,Reel/Video,19,Sun,4537,16.0,365.0,122,0,496,12,20,0.1393,High
YouTube,Text,19,Mon,2571,13.0,441.0,0,0,179,6,13,0.10191,Medium
X,Reel/Video,10,Fri,5089,1.0,455.0,148,0,287,8,19,0.07978,Medium
YouTube,Reel/Video,15,Fri,3163,1.0,444.0,156,1,261,28,3,0.11382,Medium
X,Reel/Video,10,Sun,37015,8.0,315.0,149,1,4895,321,51,0.16515,High
Facebook,Image,14,Sat,7445,1.0,313.0,0,0,292,28,21,0.06461,Low
YouTube,Reel/Video,10,Mon,1461,19.0,109.0,76,0,154,6,3,0.12799,High
YouTube,Reel/Video,11,Sun,40512,6.0,361.0,140,1,4399,513,217,0.17336,High
Facebook,Carousel,17,Fri,18868,2.0,149.0,0,0,416,27,26,0.03323,Low
X,Image,12,Fri,37066,29.0,134.0,0,0,1288,116,99,0.05749,Low
YouTube,Carousel,17,Sat,35288,7.0,141.0,0,1,1968,125,126,0.08425,Medium
Facebook,Image,9,Tue,42319,21.0,137.0,0,1,2543,273,113,0.0928,Medium
Facebook,Story,22,Wed,14233,5.0,139.0,172,1,1673,80,87,0.16497,High
Facebook,Reel/Video,19,Sat,9357,8.0,353.0,96,0,1393,166,93,0.25179,High
Instagram,Story,23,Sat,71992,20.0,152.0,171,1,10923,454,711,0.22002,High
X,Image,9,Mon,4228,,31.0,0,0,219,6,14,0.07261,Low
YouTube,Text,10,Mon,26153,3.0,375.0,0,1,1613,116,69,0.08817,Medium
Instagram,Reel/Video,13,Fri,15406,19.0,,125,0,1051,114,60,0.10989,Medium
X,Text,2,Fri,19459,6.0,405.0,0,0,516,57,30,0.04301,Low
Instagram,Image,1,Tue,7331,7.0,227.0,0,0,162,4,4,0.02646,Low
Facebook,Image,0,Sat,4487,25.0,67.0,0,0,223,13,2,0.06062,Low
Instagram,Reel/Video,0,Mon,11940,8.0,144.0,33,1,925,52,38,0.10645,Medium
YouTube,Reel/Video,11,Mon,51654,20.0,277.0,168,0,4414,395,318,0.13918,High
X,Image,8,Wed,2127,7.0,344.0,0,1,76,2,4,0.04795,Low
Facebook,Reel/Video,2,Wed,3922,0.0,33.0,112,0,262,20,13,0.09867,Medium
X,Reel/Video,3,Sun,3651,30.0,447.0,106,1,359,15,13,0.12846,High
X,Text,8,Thu,1237,11.0,269.0,0,1,76,5,0,0.07357,Low
Instagram,Reel/Video,7,Wed,14570,29.0,313.0,25,1,1467,123,100,0.16033,High
X,Reel/Video,17,Tue,11018,8.0,119.0,134,0,1085,43,64,0.13923,High
Instagram,Reel/Video,18,Tue,23780,2.0,354.0,70,0,2267,120,107,0.13297,High
Facebook,Story,12,Fri,6351,7.0,176.0,18,1,397,19,29,0.09432,Medium
Instagram,Reel/Video,5,Thu,4998,30.0,54.0,79,0,358,17,24,0.10584,Medium
YouTube,Text,6,Sat,4846,30.0,213.0,0,0,218,26,15,0.07656,Medium
X,Text,7,Wed,6049,2.0,48.0,0,0,106,2,4,0.02182,Low
YouTube,Reel/Video,12,Wed,4373,7.0,278.0,64,0,332,14,6,0.09239,Medium
Facebook,Text,7,Thu,14820,9.0,66.0,0,1,916,54,17,0.07848,Medium
Instagram,Carousel,13,Tue,3902,4.0,56.0,0,1,201,19,7,0.07509,Low
Instagram,Reel/Video,0,Thu,17002,2.0,,26,1,1686,39,113,0.13928,High
Facebook,Image,14,Tue,7287,2.0,189.0,0,0,46,3,1,0.00823,Low
Instagram,Reel/Video,2,Fri,2483,26.0,328.0,132,0,204,22,13,0.13492,High
X,Text,15,Sun,10027,,407.0,0,0,512,57,14,0.0751,Low
Instagram,Carousel,10,Sun,47926,5.0,278.0,0,0,1385,111,32,0.03919,Low
Facebook,Image,2,Tue,7762,21.0,231.0,0,1,397,23,15,0.0697,Low
X,Story,20,Sun,10704,26.0,324.0,141,1,1535,48,52,0.18115,High
YouTube,Image,11,Fri,6958,2.0,488.0,0,1,288,7,18,0.05734,Low
X,Image,12,Sat,1883,22.0,381.0,0,1,102,12,4,0.08391,Medium
X,Reel/Video,14,Wed,9322,0.0,229.0,77,1,535,17,23,0.0752,Low
YouTube,Carousel,4,Wed,1973,4.0,268.0,0,0,26,1,1,0.01723,Low
Instagram,Image,6,Tue,10278,17.0,122.0,0,0,505,49,12,0.06927,Low
YouTube,Image,19,Fri,12564,8.0,477.0,0,0,559,41,28,0.06543,Low
Instagram,Reel/Video,9,Mon,10561,5.0,296.0,125,0,727,85,13,0.09914,Medium
Instagram,Story,16,Wed,3092,17.0,68.0,102,0,229,19,12,0.1119,Medium
YouTube,Text,23,Tue,13402,15.0,400.0,0,1,769,58,53,0.09014,Medium
Instagram,Story,2,Tue,4512,21.0,74.0,169,0,297,26,17,0.10195,Medium
Instagram,Image,4,Tue,13617,13.0,78.0,0,1,842,51,12,0.07748,Medium
YouTube,Text,22,Thu,17593,5.0,336.0,0,1,1006,70,68,0.08844,Medium
Facebook,Reel/Video,11,Tue,1122,24.0,483.0,139,0,115,6,2,0.12745,High
Instagram,Story,23,Thu,15856,27.0,245.0,159,1,1971,85,83,0.16656,High
Instagram,Carousel,13,Fri,2135,10.0,20.0,0,0,72,4,2,0.04403,Low
Instagram,Text,5,Sat,10665,29.0,31.0,0,1,1165,38,24,0.13118,High
X,Image,6,Fri,9970,12.0,61.0,0,0,292,34,3,0.04102,Low
X,Text,8,Sun,7645,5.0,259.0,0,1,544,19,34,0.10085,Medium
YouTube,Reel/Video,16,Wed,100394,27.0,19.0,8,1,8942,598,452,0.12945,High
Instagram,Text,20,Fri,11649,26.0,406.0,0,0,707,75,7,0.08301,Medium
X,Image,5,Fri,22787,27.0,366.0,0,1,740,53,27,0.04538,Low
YouTube,Carousel,9,Wed,36071,18.0,67.0,0,1,1410,106,37,0.05303,Low
Instagram,Carousel,1,Thu,5373,19.0,85.0,0,1,244,25,5,0.06402,Low
Instagram,Image,19,Sat,4217,19.0,58.0,0,1,505,26,16,0.15722,High
Instagram,Reel/Video,18,Mon,69285,16.0,459.0,41,1,8916,227,235,0.15547,High
Instagram,Story,20,Wed,19499,9.0,199.0,142,1,2384,257,48,0.17411,High
Instagram,Carousel,4,Fri,4757,20.0,70.0,0,1,225,25,4,0.06727,Low
Instagram,Carousel,17,Sat,5456,13.0,492.0,0,1,364,22,5,0.08339,Medium
YouTube,Image,7,Fri,6744,6.0,279.0,0,0,126,12,5,0.02773,Low
Instagram,Image,18,Tue,7399,0.0,85.0,0,0,366,39,12,0.07339,Low
Facebook,Reel/Video,0,Sat,7986,19.0,143.0,97,0,648,53,26,0.11733,Medium
X,Image,5,Sun,4343,11.0,49.0,0,1,252,8,9,0.07391,Low
Instagram,Carousel,6,Thu,2645,13.0,375.0,0,0,113,12,1,0.05822,Low
Facebook,Reel/Video,6,Mon,22342,6.0,400.0,110,1,1644,85,77,0.10223,Medium
Instagram,Reel/Video,5,Sun,14768,,,138,1,2448,239,26,0.22312,High
Instagram,Carousel,15,Wed,80794,18.0,222.0,0,1,4595,186,198,0.07603,Low
YouTube,Image,6,Tue,35008,26.0,11.0,0,0,987,37,41,0.03722,Low
YouTube,Reel/Video,22,Fri,34044,2.0,443.0,6,1,4533,424,137,0.19064,High
Instagram,Image,17,Fri,56601,16.0,94.0,0,1,3801,181,221,0.09627,Medium
Instagram,Carousel,9,Fri,34107,30.0,40.0,0,1,2112,71,153,0.0906,Medium
Instagram,Text,6,Sun,11948,,160.0,0,0,880,73,63,0.11835,Medium
Facebook,Carousel,21,Sat,23789,17.0,250.0,0,0,2010,67,28,0.09883,Medium
Facebook,Reel/Video,0,Thu,34112,30.0,398.0,24,1,3355,116,221,0.14095,High
YouTube,Carousel,6,Fri,19164,1.0,323.0,0,1,922,107,19,0.06982,Low
Instagram,Reel/Video,6,Mon,448,22.0,297.0,65,1,67,6,4,0.23438,High
Instagram,Reel/Video,1,Sat,9613,20.0,79.0,65,1,1314,54,21,0.16446,High
YouTube,Text,13,Mon,12875,29.0,145.0,0,1,799,95,10,0.08808,Medium
YouTube,Reel/Video,18,Thu,9207,4.0,123.0,143,0,687,55,8,0.09688,Medium
YouTube,Carousel,20,Thu,1446,18.0,204.0,0,1,90,3,5,0.08575,Medium
X,Carousel,22,Sat,482,29.0,420.0,0,0,45,2,2,0.12656,High
Instagram,Carousel,1,Tue,2727,9.0,169.0,0,0,101,2,7,0.05207,Low
YouTube,Text,13,Sat,15322,0.0,246.0,0,1,586,13,22,0.04797,Low
X,Image,5,Fri,25151,4.0,268.0,0,1,1275,83,94,0.07928,Medium
Instagram,Reel/Video,17,Sun,3433,25.0,218.0,155,0,401,33,28,0.18643,High
Facebook,Text,18,Wed,11270,11.0,288.0,0,1,819,71,39,0.10887,Medium
Facebook,Carousel,14,Fri,12194,9.0,387.0,0,0,230,14,10,0.02641,Low
Facebook,Carousel,1,Wed,13797,14.0,387.0,0,0,416,13,30,0.04385,Low
YouTube,Carousel,16,Mon,2953,20.0,371.0,0,1,141,15,5,0.07145,Low
X,Carousel,14,Tue,5195,25.0,374.0,0,0,151,6,4,0.03638,Low
X,Text,15,Wed,14379,3.0,270.0,0,0,189,11,9,0.01857,Low
Instagram,Reel/Video,18,Sat,9977,2.0,357.0,163,0,997,51,26,0.1283,High
Facebook,Reel/Video,13,Tue,8819,16.0,153.0,6,0,716,14,35,0.10579,Medium
YouTube,Story,10,Mon,3317,4.0,292.0,174,1,270,7,11,0.10431,Medium
YouTube,Reel/Video,16,Thu,11253,7.0,226.0,32,0,989,82,58,0.13552,High
YouTube,Reel/Video,17,Thu,12731,13.0,224.0,103,1,1490,114,31,0.15608,High
Instagram,Image,14,Wed,34283,15.0,484.0,0,0,1177,102,39,0.04895,Low
X,Text,21,Sat,23268,22.0,193.0,0,1,2087,94,35,0.10933,Medium
X,Image,21,Mon,5508,29.0,219.0,0,1,447,27,35,0.12763,High
X,Reel/Video,3,Tue,19181,21.0,356.0,55,0,2156,177,132,0.1745,High
Instagram,Reel/Video,4,Wed,23365,12.0,457.0,123,0,1464,97,30,0.08153,Medium
YouTube,Reel/Video,12,Sun,2276,25.0,251.0,95,0,212,23,2,0.12786,High
Facebook,Carousel,2,Thu,15695,29.0,391.0,0,1,711,23,55,0.06722,Low
YouTube,Image,21,Tue,20016,12.0,73.0,0,1,1916,205,43,0.13719,High
X,Text,10,Mon,2632,22.0,245.0,0,0,98,7,1,0.04711,Low
Instagram,Carousel,15,Mon,3385,0.0,367.0,0,0,156,16,11,0.07651,Medium
Instagram,Text,17,Tue,5472,28.0,227.0,0,0,115,3,5,0.02723,Low
Instagram,Image,8,Fri,5744,14.0,442.0,0,0,274,24,16,0.07416,Low
Instagram,Text,14,Sun,4029,5.0,26.0,0,1,342,20,8,0.1097,Medium
Facebook,Image,22,Tue,21685,4.0,412.0,0,1,1775,105,79,0.1146,Medium
Instagram,Text,16,Wed,3123,3.0,154.0,0,1,133,15,5,0.065,Low
Facebook,Text,1,Thu,14835,6.0,187.0,0,1,490,51,31,0.05379,Low
YouTube,Reel/Video,5,Wed,4622,19.0,430.0,111,0,426,47,30,0.15513,High
X,Reel/Video,6,Fri,2709,3.0,411.0,139,1,195,16,10,0.10816,Medium
Facebook,Carousel,3,Tue,4591,28.0,422.0,0,1,241,15,11,0.07428,Low
Instagram,Carousel,9,Sun,7494,8.0,76.0,0,0,313,23,23,0.06632,Low
Instagram,Carousel,21,Sun,17597,24.0,102.0,0,1,1971,93,126,0.16366,High
Instagram,Carousel,9,Wed,2920,14.0,493.0,0,1,161,13,3,0.07363,Low
Instagram,Text,4,Sat,15256,28.0,316.0,0,1,982,77,62,0.09983,Medium
YouTube,Story,2,Thu,18419,15.0,418.0,15,1,2213,197,35,0.16174,High
YouTube,Image,10,Mon,9692,21.0,376.0,0,1,445,29,12,0.06108,Low
Facebook,Image,19,Tue,33280,27.0,165.0,0,0,1665,99,124,0.07758,Medium
YouTube,Carousel,17,Thu,10136,2.0,261.0,0,0,384,28,28,0.05998,Low
Instagram,Carousel,17,Wed,5155,20.0,352.0,0,1,314,37,6,0.08826,Medium
Facebook,Reel/Video,2,Thu,6909,5.0,320.0,118,1,512,58,7,0.10436,Medium
Facebook,Reel/Video,8,Wed,37203,10.0,195.0,40,0,3404,168,139,0.12373,High
Facebook,Image,3,Tue,71228,27.0,22.0,0,1,2935,154,124,0.0564,Low
YouTube,Story,8,Sun,66474,26.0,46.0,136,1,7205,796,184,0.15815,High
Instagram,Carousel,16,Tue,13065,23.0,96.0,0,1,730,36,45,0.08136,Medium
Facebook,Carousel,18,Tue,89153,2.0,368.0,0,0,6454,221,431,0.104,Medium
X,Reel/Video,4,Tue,7348,4.0,129.0,64,1,741,86,39,0.16249,High
Instagram,Story,13,Mon,14145,19.0,477.0,46,0,1273,149,54,0.14069,High
Facebook,Image,8,Wed,4699,9.0,293.0,0,1,188,14,4,0.0532,Low
Instagram,Carousel,5,Thu,9955,28.0,451.0,0,0,286,26,20,0.04661,Low
Instagram,Reel/Video,15,Thu,955,21.0,475.0,121,0,73,8,5,0.12775,High
X,Reel/Video,10,Tue,26412,1.0,455.0,148,0,1913,227,105,0.11809,Medium
Instagram,Carousel,12,Tue,3656,19.0,137.0,0,0,122,14,4,0.05033,Low
Instagram,Carousel,20,Thu,18938,29.0,249.0,0,1,1576,165,75,0.12916,High
Instagram,Image,1,Tue,31752,17.0,132.0,0,0,1876,118,111,0.08771,Medium
Instagram,Story,4,Mon,7932,14.0,129.0,116,0,571,52,26,0.10804,Medium
X,Reel/Video,7,Tue,8296,26.0,316.0,134,0,253000,56,44,0.15839,High
YouTube,Reel/Video,4,Fri,16031,23.0,276.0,92,0,1366,82,46,0.1149,Medium
X,Reel/Video,9,Sun,24340,17.0,476.0,61,1,3093,288,163,0.19606,High
Facebook,Image,13,Sat,16017,9.0,255.0,0,1,1194,86,26,0.09877,Medium
X,Text,3,Thu,2608,3.0,145.0,0,0,106,10,5,0.06173,Low
X,Reel/Video,18,Fri,2691,20.0,269.0,31,1,309,30,10,0.16685,High
YouTube,Reel/Video,0,Sat,14100,16.0,468.0,26,1,1728,152,28,0.16482,High
X,Carousel,3,Sat,4745,21.0,430.0,0,1,362,31,28,0.1254,High
YouTube,Image,10,Wed,2071,22.0,249.0,0,1,104,3,7,0.07146,Low
X,Reel/Video,14,Thu,14122,,389.0,161,0,1102,29,33,0.09588,Medium
Instagram,Image,3,Sat,4981,3.0,250.0,0,0,215,7,2,0.04939,Low
YouTube,Reel/Video,19,Tue,159722,24.0,102.0,133,0,16102,1234,501,0.13967,High
Instagram,Story,10,Mon,60257,2.0,121.0,78,1,5200,375,364,0.13517,High
Facebook,Image,15,Sat,3243,22.0,360.0,0,0,190,4,10,0.07771,Medium
Instagram,Story,3,Fri,9088,0.0,71.0,100,0,540,25,27,0.08253,Medium
Instagram,Reel/Video,7,Sat,31044,23.0,419.0,22,0,2873,275,41,0.12572,High
Instagram,Image,10,Wed,20773,15.0,376.0,0,1,1352,147,20,0.09113,Medium
X,Reel/Video,12,Thu,37871,21.0,,19,1,3414,356,112,0.13314,High
Facebook,Carousel,7,Sat,23673,24.0,439.0,0,0,1110,43,32,0.0591,Low
Instagram,Story,0,Wed,125871,3.0,124.0,43,0,10350,926,742,0.13377,High
Instagram,Image,10,Mon,4875,24.0,23.0,0,0,262,15,6,0.06913,Low
YouTube,Image,6,Wed,87493,25.0,200.0,0,1,4762,132,208,0.07084,Low
Instagram,Reel/Video,23,Mon,9064,4.0,169.0,126,1,872,20,17,0.1122,Medium
Instagram,Reel/Video,21,Fri,38666,11.0,440.0,11,1,5216,281,216,0.18463,High
Instagram,Reel/Video,5,Thu,4857,16.0,388.0,136,1,359,9,16,0.09594,Medium
YouTube,Carousel,12,Thu,11889,27.0,370.0,0,0,559,12,9,0.05383,Low
Instagram,Carousel,7,Fri,25168,8.0,367.0,0,1,1152,34,61,0.06194,Low
Instagram,Text,5,Thu,72576,16.0,,0,1,3907,172,73,0.06597,Low
YouTube,Reel/Video,19,Wed,18576,11.0,339.0,68,1,2040,71,69,0.13986,High
Instagram,Text,2,Mon,14838,17.0,116.0,0,0,624,16,48,0.06146,Low
YouTube,Image,13,Sat,7625,26.0,356.0,0,1,472,30,19,0.08616,Medium
YouTube,Carousel,10,Sun,9289,20.0,318.0,0,1,641,20,32,0.09269,Medium
Instagram,Reel/Video,13,Fri,20199,24.0,392.0,107,0,1579,48,67,0.10189,Medium
Instagram,Reel/Video,20,Fri,963,27.0,272.0,168,1,101,4,1,0.12253,High
Instagram,Image,20,Thu,8894,1.0,275.0,0,0,459,13,18,0.06611,Low
Instagram,Reel/Video,10,Fri,6217,21.0,60.0,19,0,420,40,11,0.09571,Medium
X,Story,10,Thu,3629,26.0,280.0,167,1,418,31,5,0.1477,High
YouTube,Image,5,Mon,2237,12.0,114.0,0,0,74,2,5,0.04694,Low
Instagram,Image,7,Sat,22589,3.0,425.0,0,0,633,61,30,0.04276,Low
YouTube,Story,17,Sun,48193,8.0,354.0,12,1,5296,409,181,0.15413,High
Instagram,Carousel,10,Tue,3346,7.0,150.0,0,1,208,7,9,0.08189,Medium
YouTube,Carousel,16,Thu,4757,14.0,462.0,0,1,194,21,14,0.06874,Low
YouTube,Carousel,13,Wed,6061,10.0,445.0,0,0,187,15,7,0.04405,Low
X,Carousel,10,Sat,20430,0.0,499.0,0,1,744,62,22,0.05091,Low
X,Reel/Video,16,Mon,17253,8.0,467.0,138,1,2150,234,70,0.18559,High
Instagram,Image,0,Sun,27445,24.0,326.0,0,1,1839,178,50,0.09557,Medium
Facebook,Reel/Video,5,Sat,4741,28.0,298.0,43,1,513,42,33,0.16958,High
YouTube,Reel/Video,12,Wed,15014,27.0,112.0,33,1,1691,98,63,0.15319,High
Instagram,Carousel,6,Fri,4443,6.0,92.0,0,1,188,8,14,0.06347,Low
Instagram,Image,11,Sun,16553,19.0,330.0,0,1,997,61,41,0.08367,Medium
X,Image,14,Wed,14277,3.0,429.0,0,0,521,26,9,0.04511,Low
Instagram,Story,17,Sat,7374,1.0,75.0,61,0,502,27,30,0.0994,Medium
Instagram,Image,22,Tue,10995,0.0,247.0,0,0,535,33,35,0.07358,Low
Instagram,Reel/Video,4,Wed,18636,4.0,252.0,79,0,1054,103,61,0.0895,Medium
YouTube,Image,20,Fri,1394,18.0,427.0,0,1,102,4,3,0.09254,Medium
Instagram,Reel/Video,9,Tue,4815,20.0,312.0,180,1,608,33,16,0.16345,High
Facebook,Text,7,Tue,62150,7.0,388.0,0,0,1438,108,102,0.03656,Low
YouTube,Reel/Video,9,Wed,32694,10.0,190.0,25,1,3810,362,107,0.16612,High
Facebook,Image,16,Wed,4414,20.0,74.0,0,0,174,10,4,0.05075,Low
YouTube,Carousel,20,Sat,11514,9.0,185.0,0,0,650,73,22,0.08503,Medium
Instagram,Reel/Video,6,Fri,14369,22.0,297.0,137,0,1242,49,29,0.10676,Medium
YouTube,Reel/Video,2,Fri,9500,22.0,383.0,160,1,1076,98,85,0.18895,High
Instagram,Image,12,Fri,43321,11.0,120.0,0,0,1376,100,87,0.04873,Low
Facebook,Story,18,Tue,25730,,462.0,123,1,2790,200,202,0.17101,High
Instagram,Reel/Video,20,Tue,67827,10.0,385.0,73,0,5323,511,247,0.11929,Medium
Facebook,Image,7,Fri,93045,11.0,413.0,0,0,1603,33,97,0.0235,Low
Instagram,Reel/Video,22,Wed,15187,2.0,314.0,8,1,1731,156,57,0.16356,High
Instagram,Story,21,Sat,12405,18.0,19.0,96,1,1849,46,74,0.19,High
Instagram,Reel/Video,7,Mon,4322,,76.0,7,1,380,27,20,0.1298,High
Facebook,Reel/Video,22,Sat,8944,2.0,185.0,153,0,1162,72,12,0.16078,High
X,Image,4,Sat,1927,19.0,465.0,0,0,142,13,10,0.11988,Medium
Instagram,Image,11,Wed,10723,11.0,445.0,0,1,473,50,11,0.06323,Low
X,Image,1,Sun,25710,8.0,,0,0,1169,127,83,0.07643,Low
Instagram,Image,6,Fri,5426,6.0,303.0,0,1,207,18,13,0.06008,Low
YouTube,Story,19,Tue,1354,10.0,480.0,112,0,134,8,8,0.14623,High
YouTube,Image,13,Fri,13641,7.0,300.0,0,0,400,47,25,0.04882,Low
Facebook,Text,9,Fri,13575,14.0,180.0,0,0,946,78,74,0.11418,Medium
Instagram,Reel/Video,5,Tue,5020,28.0,333.0,119,0,453,46,31,0.14861,High
Facebook,Reel/Video,14,Wed,122540,,244.0,128,0,7502,422,541,0.09363,Medium
Instagram,Reel/Video,18,Mon,22968,15.0,87.0,6,0,2053,120,67,0.11964,Medium
Instagram,Reel/Video,8,Fri,6172,23.0,188.0,57,0,592,19,17,0.11892,Medium
Instagram,Image,23,Thu,746,18.0,481.0,0,0,26,2,1,0.0496,Low
Facebook,Story,5,Thu,8134,9.0,113.0,163,0,656,24,19,0.10118,Medium
Facebook,Carousel,7,Mon,5039,28.0,191.0,0,1,333,34,15,0.10121,Medium
YouTube,Reel/Video,7,Thu,3284,10.0,16.0,72,1,328,13,9,0.12546,High
X,Reel/Video,11,Mon,46810,3.0,498.0,29,0,4059,150,297,0.12805,High
X,Reel/Video,10,Sat,10078,10.0,297.0,111,0,1036,66,34,0.13931,High
X,Reel/Video,4,Thu,6711,1.0,486.0,72,0,370,40,26,0.09239,Medium
Instagram,Text,13,Mon,7632,17.0,,0,0,215,12,3,0.03485,Low
Facebook,Carousel,22,Thu,15168,1.0,291.0,0,1,253000,51,54,0.09045,Medium
Instagram,Carousel,13,Tue,11624,5.0,46.0,0,1,607,38,10,0.06633,Low
Facebook,Reel/Video,17,Fri,9451,22.0,475.0,128,1,766,91,10,0.11523,Medium
Instagram,Image,13,Thu,12021,10.0,257.0,0,0,336,23,11,0.03827,Low
YouTube,Reel/Video,8,Sun,26370,30.0,479.0,50,0,2893,117,194,0.1598,High
Instagram,Reel/Video,12,Sun,160892,5.0,107.0,162,1,18001,822,998,0.15822,High
YouTube,Reel/Video,15,Thu,36906,14.0,444.0,77,0,2694,128,110,0.0983,Medium
YouTube,Reel/Video,20,Sat,11885,3.0,198.0,9,0,1310,96,61,0.16012,High
YouTube,Story,22,Wed,9025,,181.0,140,1,1216,57,31,0.17086,High
Instagram,Carousel,18,Thu,33535,3.0,389.0,0,1,2767,217,201,0.13189,High
Facebook,Text,20,Fri,677,0.0,171.0,0,1,29,2,2,0.06647,Low
X,Image,0,Wed,4237,29.0,288.0,0,1,191,16,3,0.05995,Low
YouTube,Reel/Video,5,Mon,15007,0.0,138.0,54,1,1076,54,79,0.10882,Medium
YouTube,Story,4,Thu,15841,20.0,399.0,163,1,1569,144,60,0.14526,High
X,Image,5,Thu,14117,16.0,191.0,0,1,896,100,65,0.10774,Medium
Facebook,Carousel,8,Thu,4263,26.0,106.0,0,0,191,18,10,0.0692,Low
YouTube,Story,3,Mon,16082,21.0,305.0,40,0,1159,52,20,0.08799,Medium
YouTube,Carousel,0,Sat,3318,4.0,204.0,0,1,196,8,15,0.08891,Medium
Facebook,Story,12,Wed,7030,4.0,228.0,10,1,637,73,33,0.14523,High
X,Image,21,Thu,3747,12.0,389.0,0,0,262,24,15,0.10915,Medium
Instagram,Reel/Video,2,Mon,5629,29.0,234.0,146,1,629,59,22,0.16273,High
X,Story,1,Mon,33452,21.0,346.0,144,1,2491,273,46,0.10582,Medium
Instagram,Reel/Video,17,Mon,11127,16.0,121.0,50,0,1091,118,70,0.16132,High
X,Text,13,Thu,115262,24.0,328.0,0,0,4637,175,157,0.0516,Low
X,Story,11,Fri,4993,24.0,297.0,121,0,358,13,24,0.10354,Medium
Instagram,Text,13,Tue,36576,15.0,291.0,0,0,1402,30,61,0.04913,Low
X,Carousel,16,Fri,9277,28.0,291.0,0,0,260,15,19,0.04312,Low
YouTube,Reel/Video,21,Wed,3956,17.0,317.0,174,0,509,60,28,0.20956,High
YouTube,Image,18,Sun,11692,30.0,92.0,0,1,1187,133,84,0.17157,High
Instagram,Reel/Video,16,Fri,33847,18.0,475.0,15,1,3193,305,231,0.15549,High
Instagram,Text,10,Wed,80720,29.0,384.0,0,0,3341,72,103,0.05045,Low
Instagram,Reel/Video,1,Mon,3136,28.0,185.0,35,1,313,25,8,0.13648,High
Instagram,Image,0,Fri,37281,28.0,447.0,0,0,1502,92,108,0.06218,Low
X,Text,4,Wed,26252,16.0,284.0,0,0,1303,51,21,0.05946,Low
Instagram,Carousel,1,Thu,4996,1.0,128.0,0,0,162,18,7,0.05024,Low
Instagram,Story,14,Sun,65234,13.0,360.0,164,1,7159,621,184,0.15241,High
Instagram,Reel/Video,8,Sat,1101,9.0,118.0,44,0,98,3,6,0.12443,High
Instagram,Carousel,7,Tue,44823,0.0,500.0,0,1,1768,53,95,0.05359,Low
X,Reel/Video,5,Thu,3026,18.0,,17,0,266,20,11,0.12591,High
Facebook,Text,21,Mon,19909,23.0,220.0,0,1,1458,87,59,0.10116,Medium
YouTube,Story,12,Tue,41572,27.0,336.0,10,1,4559,463,218,0.1693,High
Instagram,Reel/Video,16,Mon,5215,27.0,25.0,6,1,423,44,30,0.13519,High
Facebook,Reel/Video,17,Sat,2144,26.0,252.0,57,0,230,14,9,0.14785,High
Instagram,Reel/Video,4,Fri,11450,11.0,409.0,142,0,1009,98,50,0.13563,High
Instagram,Reel/Video,19,Sun,14616,29.0,144.0,128,1,2561,248,97,0.2593,High
Instagram,Carousel,22,Fri,20057,5.0,70.0,0,1,1632,166,97,0.13038,High
Instagram,Story,17,Tue,1242,13.0,40.0,90,1,109,6,7,0.13043,High
YouTube,Carousel,15,Sat,3663,,206.0,0,0,160,10,8,0.06279,Low
YouTube,Image,23,Thu,17896,1.0,469.0,0,1,922,53,17,0.06515,Low
YouTube,Image,11,Mon,8048,15.0,174.0,0,0,266,10,20,0.0492,Low
Instagram,Image,5,Thu,16436,15.0,215.0,0,1,748,73,24,0.06614,Low
Instagram,Reel/Video,3,Sun,4118,25.0,85.0,167,1,485,41,31,0.18528,High
YouTube,Text,17,Sat,25668,27.0,337.0,0,0,1124,25,51,0.05665,Low
X,Reel/Video,11,Mon,2095,27.0,27.0,5,0,147,7,5,0.09212,Medium
Instagram,Carousel,7,Wed,6474,2.0,165.0,0,0,39,4,2,0.00942,Low
X,Image,1,Tue,9358,1.0,492.0,0,1,444,25,15,0.06348,Low
X,Text,10,Sat,14077,3.0,279.0,0,0,493,24,14,0.04511,Low
YouTube,Reel/Video,11,Sun,4031,19.0,360.0,165,1,398,11,16,0.12677,High
X,Image,7,Thu,8663,0.0,19.0,0,0,244,10,17,0.04144,Low
Facebook,Story,5,Wed,23438,17.0,107.0,161,1,2700,115,68,0.14442,High
Instagram,Text,17,Tue,72848,1.0,20.0,0,1,3194,98,166,0.05927,Low
YouTube,Image,20,Fri,8100,4.0,71.0,0,1,372,21,5,0.05679,Low
Instagram,Carousel,10,Thu,105748,,464.0,0,0,4268,318,300,0.06357,Low
YouTube,Image,19,Tue,50236,20.0,202.0,0,1,4816,184,268,0.13353,High
Facebook,Text,0,Thu,12159,25.0,491.0,0,0,509,31,14,0.05527,Low
Instagram,Reel/Video,3,Sun,8903,2.0,318.0,74,1,914,40,23,0.12906,High
X,Image,7,Wed,8526,4.0,217.0,0,0,189,12,10,0.03225,Low
YouTube,Reel/Video,1,Mon,31685,29.0,118.0,142,0,2045,55,42,0.07638,Low
YouTube,Reel/Video,22,Sun,4054,2.0,371.0,40,1,593,27,23,0.19462,High
Facebook,Image,3,Sun,13251,2.0,32.0,0,1,678,28,46,0.07486,Low
Instagram,Text,12,Fri,3492,28.0,142.0,0,0,76,1,6,0.03121,Low
YouTube,Story,7,Tue,5084,0.0,494.0,30,1,397,34,18,0.11585,Medium
Instagram,Reel/Video,3,Wed,2199,22.0,375.0,38,0,127,14,5,0.08822,Medium
X,Reel/Video,6,Sun,1507,14.0,141.0,154,0,147,9,5,0.13205,High
Instagram,Image,7,Sat,9037,19.0,48.0,0,1,884,84,20,0.13677,High
X,Image,21,Fri,1237,13.0,289.0,0,0,86,7,6,0.11075,Medium
Instagram,Story,11,Fri,6950,22.0,377.0,89,1,655,23,23,0.12072,Medium
Facebook,Carousel,20,Thu,4599,16.0,200.0,0,0,277,23,18,0.0948,Medium
YouTube,Carousel,3,Mon,1710,5.0,27.0,0,0,54,6,3,0.05088,Low
Instagram,Image,21,Thu,9030,16.0,467.0,0,0,709,75,22,0.11561,Medium
Instagram,Reel/Video,3,Sun,14968,17.0,467.0,137,0,1578,147,88,0.16428,High
YouTube,Image,20,Wed,23948,14.0,181.0,0,0,1099,38,42,0.05942,Low
Facebook,Image,11,Fri,8289,27.0,170.0,0,1,452,13,27,0.07552,Low
Instagram,Carousel,18,Mon,23736,12.0,216.0,0,1,1636,49,98,0.09576,Medium
Instagram,Reel/Video,12,Tue,4543,10.0,147.0,46,1,423,16,22,0.12789,High
YouTube,Image,17,Wed,6685,15.0,302.0,0,1,336,9,12,0.06328,Low
YouTube,Image,0,Wed,26612,19.0,235.0,0,1,1486,47,31,0.06696,Low
Instagram,Image,21,Thu,2678,15.0,,0,1,247,21,18,0.14937,High
Instagram,Reel/Video,16,Thu,18531,12.0,207.0,58,0,1522,53,114,0.12147,High
Instagram,Reel/Video,0,Fri,36706,8.0,289.0,103,0,2977,104,39,0.09492,Medium
YouTube,Image,5,Tue,7311,15.0,12.0,0,0,222,21,16,0.04992,Low
X,Reel/Video,14,Fri,18300,27.0,309.0,9,1,2319,145,124,0.18437,High
X,Text,13,Sun,7434,6.0,206.0,0,0,297,20,17,0.05946,Low
YouTube,Image,13,Mon,9435,2.0,447.0,0,1,409,44,13,0.06423,Low
X,Image,14,Wed,4697,12.0,269.0,0,1,156,3,6,0.04152,Low
Facebook,Image,22,Sun,17978,,38.0,0,1,2114,180,59,0.16403,High
Facebook,Reel/Video,1,Thu,5699,10.0,344.0,106,1,529,47,28,0.14213,High
YouTube,Image,21,Fri,9379,8.0,152.0,0,0,385,40,19,0.06397,Low
YouTube,Image,14,Sat,15471,26.0,104.0,0,1,1342,37,97,0.12527,High
Facebook,Image,7,Fri,9755,8.0,185.0,0,0,424,43,5,0.05925,Low
YouTube,Image,14,Thu,8303,16.0,215.0,0,0,237,6,4,0.03312,Low
YouTube,Text,15,Sun,27740,20.0,,0,0,1384,79,94,0.07538,Low
YouTube,Image,7,Sat,6394,27.0,185.0,0,0,452,10,32,0.10041,Medium
YouTube,Story,22,Thu,9667,14.0,340.0,39,0,1131,45,25,0.14389,High
Instagram,Reel/Video,13,Sat,1092,30.0,267.0,97,1,116,9,2,0.14011,High
YouTube,Image,7,Thu,1333,15.0,407.0,0,0,53,2,3,0.05551,Low
Instagram,Image,14,Sun,30032,20.0,244.0,0,0,1417,42,84,0.06536,Low
YouTube,Image,11,Wed,4698,11.0,381.0,0,0,109,6,5,0.03235,Low
Instagram,Reel/Video,5,Tue,32218,9.0,361.0,122,1,3244,303,90,0.14287,High
YouTube,Text,16,Thu,53417,15.0,370.0,0,0,2084,46,121,0.05292,Low
YouTube,Image,4,Sat,14000,4.0,270.0,0,1,876,92,22,0.09014,Medium
YouTube,Image,13,Sun,10242,19.0,297.0,0,1,862,73,30,0.12019,Medium
X,Reel/Video,10,Fri,42738,14.0,,89,1,3539,208,254,0.12712,High
Facebook,Reel/Video,16,Wed,14148,21.0,490.0,162,0,1181,47,89,0.12489,High
Facebook,Image,11,Mon,9334,19.0,237.0,0,0,240,7,4,0.0301,Low
X,Reel/Video,19,Mon,1925,1.0,447.0,61,0,158,8,12,0.12571,High
X,Carousel,16,Sat,199669,22.0,434.0,0,1,15086,1250,824,0.11497,Medium
X,Reel/Video,11,Wed,3884,14.0,317.0,142,0,371,22,13,0.12925,High
X,Reel/Video,18,Thu,6369,28.0,420.0,50,1,795,75,25,0.17978,High
Instagram,Image,17,Mon,5139,26.0,176.0,0,0,257,12,3,0.05993,Low
Facebook,Text,10,Sat,43902,4.0,214.0,0,1,3169,298,246,0.12056,Medium
X,Image,10,Sat,15901,2.0,378.0,0,0,756,69,33,0.07094,Low
YouTube,Reel/Video,16,Wed,15080,0.0,372.0,31,0,784,82,52,0.08554,Medium
Instagram,Reel/Video,11,Thu,4472,,333.0,106,1,520,25,5,0.13864,High
Instagram,Reel/Video,2,Wed,3811,22.0,32.0,87,1,302,25,3,0.10286,Medium
X,Text,14,Sun,5004,10.0,273.0,0,1,356,9,22,0.09852,Medium
YouTube,Reel/Video,3,Mon,21185,12.0,408.0,124,1,1532,81,116,0.11116,Medium
Facebook,Text,11,Tue,10453,14.0,67.0,0,1,508,40,24,0.07156,Low
X,Text,10,Sun,21743,11.0,378.0,0,1,1180,68,73,0.08044,Medium
Instagram,Text,18,Thu,3632,22.0,71.0,0,1,457,37,29,0.19631,High
YouTube,Reel/Video,0,Sat,32377,13.0,376.0,50,0,2437,115,167,0.11172,Medium
X,Carousel,15,Sun,11476,10.0,237.0,0,1,731,20,41,0.08679,Medium
YouTube,Carousel,20,Tue,17299,8.0,369.0,0,0,974,100,33,0.08318,Medium
YouTube,Image,0,Sat,25200,1.0,304.0,0,0,1375,138,95,0.08984,Medium
YouTube,Reel/Video,7,Mon,22495,14.0,107.0,164,1,2837,100,184,0.18035,High
YouTube,Text,14,Fri,16777,5.0,161.0,0,0,525,16,35,0.04458,Low
Instagram,Image,4,Fri,4543,0.0,182.0,0,0,71,1,5,0.02179,Low
YouTube,Story,13,Tue,45413,1.0,44.0,126,1,3812,372,113,0.12096,Medium
Facebook,Image,9,Thu,29320,15.0,450.0,0,1,1690,144,102,0.08977,Medium
Facebook,Image,5,Thu,5930,13.0,425.0,0,0,156,9,6,0.03592,Low
Facebook,Reel/Video,12,Tue,6898,10.0,349.0,125,0,336,31,6,0.06654,Low
Instagram,Image,4,Thu,18745,10.0,446.0,0,0,1067,108,37,0.08408,Medium
Facebook,Image,11,Tue,30087,1.0,180.0,0,0,70,3,4,0.00329,Low
Instagram,Reel/Video,2,Sun,1824,17.0,455.0,120,1,229,7,5,0.15077,High
Instagram,Carousel,2,Sun,13742,3.0,56.0,0,0,542,56,19,0.05858,Low
X,Image,9,Mon,12277,13.0,413.0,0,1,658,32,49,0.08137,Medium
Instagram,Reel/Video,15,Thu,1619,30.0,275.0,47,1,128,13,7,0.12477,High
YouTube,Reel/Video,2,Tue,6743,8.0,122.0,56,0,452,21,9,0.08305,Medium
Instagram,Image,1,Sun,5340,1.0,197.0,0,1,200,7,15,0.05543,Low
Facebook,Text,15,Sat,4259,8.0,193.0,0,1,227,6,14,0.07396,Low
YouTube,Image,10,Mon,15233,0.0,139.0,0,0,339,28,20,0.03433,Low
X,Image,15,Wed,2921,26.0,159.0,0,1,153,8,8,0.07429,Low
YouTube,Text,11,Thu,229399,13.0,288.0,0,0,5713,169,397,0.03577,Low
X,Reel/Video,7,Wed,2779,26.0,357.0,50,1,307,28,6,0.15149,High
Facebook,Image,0,Thu,15198,8.0,203.0,0,0,451,23,24,0.04211,Low
YouTube,Text,23,Fri,19853,20.0,457.0,0,0,1103,129,30,0.08261,Medium
Facebook,Image,11,Tue,13823,6.0,310.0,0,1,638,39,9,0.05787,Low
Facebook,Reel/Video,21,Thu,38836,8.0,51.0,122,0,2666,242,153,0.10704,Medium
YouTube,Reel/Video,3,Thu,20319,3.0,23.0,74,0,1281,129,97,0.10596,Medium
Instagram,Carousel,23,Fri,3083,29.0,230.0,0,0,99,6,7,0.0493,Low
Instagram,Story,22,Thu,1904,1.0,424.0,104,1,190,8,4,0.1229,High
Instagram,Story,18,Sun,7314,25.0,437.0,169,1,1027,101,73,0.23175,High
Instagram,Image,11,Tue,9205,23.0,,0,1,407,10,19,0.05779,Low
YouTube,Reel/Video,0,Wed,3661,15.0,219.0,176,1,394,11,23,0.14805,High
Facebook,Text,1,Fri,15895,27.0,360.0,0,0,643,27,10,0.04869,Low
X,Story,17,Sat,13357,2.0,364.0,144,0,1006,98,20,0.10481,Medium
X,Image,16,Sun,64892,12.0,436.0,0,1,4544,118,85,0.08203,Medium
Instagram,Text,19,Mon,5872,18.0,479.0,0,1,411,24,14,0.09418,Medium
Facebook,Text,11,Fri,25049,4.0,40.0,0,0,976,111,53,0.06284,Low
Instagram,Reel/Video,9,Tue,3978,5.0,458.0,157,0,271,7,7,0.0822,Medium
Instagram,Carousel,0,Mon,18945,1.0,61.0,0,1,903,41,48,0.06683,Low
YouTube,Image,5,Thu,36263,26.0,400.0,0,1,2350,79,109,0.08637,Medium
X,Text,15,Fri,17393,19.0,17.0,0,1,1240,29,81,0.09958,Medium
Instagram,Image,8,Fri,8796,9.0,328.0,0,1,279,20,18,0.04877,Low
YouTube,Image,3,Tue,3115,19.0,224.0,0,0,142,2,11,0.06517,Low
YouTube,Reel/Video,7,Wed,9844,19.0,486.0,95,0,863,47,17,0.11063,Medium
YouTube,Story,0,Sat,2255,29.0,205.0,177,1,252,21,7,0.15521,High
YouTube,Reel/Video,0,Sat,29487,15.0,310.0,174,1,3489,167,184,0.16651,High
Instagram,Image,23,Sun,49846,5.0,206.0,0,1,3642,215,152,0.10125,Medium
Facebook,Reel/Video,21,Mon,3174,26.0,238.0,14,1,432,48,9,0.19565,High
X,Reel/Video,0,Mon,4062,30.0,425.0,155,1,315,27,13,0.11349,Medium
X,Story,0,Sun,2445,8.0,341.0,23,0,224,21,7,0.1317,High
YouTube,Story,3,Mon,25719,,489.0,170,1,2156,129,127,0.12357,High
X,Reel/Video,14,Thu,5494,2.0,318.0,141,0,359,11,10,0.08045,Medium
YouTube,Reel/Video,16,Mon,79,20.0,167.0,106,1,7,0,0,0.08861,Medium
Instagram,Image,2,Fri,24407,8.0,142.0,0,1,1196,52,75,0.07076,Low
Instagram,Image,3,Sun,3096,11.0,201.0,0,0,156,5,5,0.06331,Low
YouTube,Image,4,Mon,11366,11.0,116.0,0,1,819,63,37,0.10496,Medium
YouTube,Image,20,Fri,7276,7.0,296.0,0,0,438,23,16,0.08068,Medium
YouTube,Carousel,18,Wed,1728,,307.0,0,0,116,11,3,0.09491,Medium
X,Image,23,Mon,12834,5.0,110.0,0,0,156,18,4,0.01792,Low
YouTube,Image,23,Wed,2293,21.0,21.0,0,1,143,6,7,0.08548,Medium
Instagram,Reel/Video,14,Sat,2069,25.0,305.0,58,1,322,34,6,0.21943,High
Instagram,Reel/Video,8,Thu,53118,13.0,34.0,126,0,4666,350,145,0.12126,High
Instagram,Story,13,Wed,2823,14.0,382.0,112,0,195,9,2,0.08218,Medium
X,Reel/Video,20,Thu,16849,27.0,72.0,129,1,2303,70,154,0.19485,High
X,Image,0,Fri,1730,,73.0,0,0,39,2,1,0.0289,Low
Facebook,Reel/Video,21,Mon,33013,27.0,302.0,136,1,4638,400,152,0.19986,High
Instagram,Story,1,Thu,51625,22.0,205.0,161,0,3553,234,103,0.0924,Medium
Facebook,Text,22,Mon,2295,5.0,136.0,0,1,173,18,8,0.11634,Medium
X,Reel/Video,13,Tue,18717,6.0,386.0,47,1,1632,170,112,0.14436,High
X,Reel/Video,0,Sat,23908,21.0,330.0,127,1,2308,118,175,0.14794,High
YouTube,Carousel,6,Sat,9212,12.0,364.0,0,1,657,47,21,0.09802,Medium
YouTube,Image,1,Wed,1469,27.0,328.0,0,0,78,2,2,0.06399,Low
Instagram,Carousel,13,Fri,2135,10.0,20.0,0,0,72,4,2,0.04403,Low
Facebook,Reel/Video,17,Thu,22977,13.0,184.0,55,1,2508,125,64,0.1394,High
Instagram,Reel/Video,8,Sat,26878,23.0,158.0,75,0,3241,378,162,0.19291,High
Instagram,Reel/Video,12,Mon,336,4.0,166.0,85,0,19,0,0,0.05655,Low
X,Reel/Video,12,Thu,27397,11.0,394.0,83,0,2753,217,69,0.13684,High
Instagram,Reel/Video,21,Fri,22857,16.0,342.0,13,0,3043,76,91,0.16301,High
Instagram,Story,19,Mon,1965,19.0,349.0,17,0,184,16,7,0.13588,High
YouTube,Reel/Video,6,Mon,5896,13.0,166.0,173,0,413,18,6,0.08429,Medium
Instagram,Image,17,Wed,6292,7.0,265.0,0,1,324,16,13,0.06945,Low
Instagram,Story,4,Fri,24519,12.0,428.0,165,0,2074,180,126,0.13231,High
Instagram,Story,7,Fri,3080,13.0,485.0,6,1,293,27,15,0.14578,High
Instagram,Story,4,Wed,14878,1.0,160.0,176,1,1223,121,17,0.11231,Medium
Instagram,Reel/Video,1,Thu,4609,30.0,378.0,179,0,308,28,13,0.09915,Medium
Instagram,Carousel,11,Tue,12893,26.0,180.0,0,0,438,33,10,0.04553,Low
Instagram,Text,14,Sat,38242,30.0,135.0,0,1,2667,228,37,0.09246,Medium
YouTube,Reel/Video,5,Thu,4981,30.0,381.0,90,0,396,46,6,0.11323,Medium
YouTube,Carousel,11,Tue,1182,5.0,425.0,0,0,31,1,2,0.03723,Low
X,Carousel,17,Mon,7554,13.0,303.0,0,0,167,7,9,0.03084,Low
Instagram,Reel/Video,4,Sun,232,19.0,393.0,77,1,29,2,2,0.19397,High
YouTube,Reel/Video,9,Wed,14032,1.0,245.0,127,0,1008,61,63,0.10733,Medium
YouTube,Reel/Video,5,Thu,9704,13.0,197.0,8,1,727,82,54,0.12809,High
YouTube,Reel/Video,19,Wed,17591,13.0,253.0,99,0,1721,61,21,0.11421,Medium
X,Carousel,16,Tue,1769,13.0,244.0,0,1,94,4,1,0.06275,Low
Instagram,Reel/Video,6,Sat,22809,7.0,13.0,91,1,1880,117,111,0.12214,High
X,Image,8,Mon,6516,9.0,385.0,0,0,354,27,21,0.08287,Medium
X,Carousel,18,Sat,870,6.0,79.0,0,1,63,4,4,0.1092,Medium
Facebook,Story,0,Thu,29377,11.0,203.0,112,0,2084,109,154,0.10828,Medium
Instagram,Story,0,Mon,29568,17.0,237.0,53,0,2962,125,235,0.1526,High
Instagram,Story,11,Fri,11702,17.0,177.0,170,0,958,106,68,0.1381,High
YouTube,Image,10,Mon,34357,18.0,359.0,0,0,1550,66,75,0.06179,Low
Facebook,Text,5,Thu,2277,3.0,306.0,0,1,68,1,2,0.03557,Low
YouTube,Carousel,17,Sat,13939,7.0,,0,1,795,71,32,0.08379,Medium
Instagram,Image,1,Mon,12867,22.0,114.0,0,1,921,106,28,0.10717,Medium
YouTube,Carousel,2,Tue,54661,11.0,52.0,0,1,3002,66,91,0.06687,Low
X,Image,3,Sun,1885,23.0,87.0,0,1,141,9,7,0.10769,Medium
Facebook,Reel/Video,19,Tue,19804,1.0,12.0,49,1,2203,250,131,0.18219,High
YouTube,Text,7,Mon,7294,6.0,499.0,0,0,179,10,1,0.02934,Low
Facebook,Reel/Video,2,Thu,4216,6.0,240.0,105,0,295,9,20,0.10009,Medium
YouTube,Image,11,Fri,51291,18.0,494.0,0,1,2718,97,215,0.07962,Medium
YouTube,Carousel,21,Wed,29942,28.0,,0,1,3037,278,227,0.16719,High
Facebook,Text,21,Sun,17265,9.0,246.0,0,0,1391,93,64,0.11526,Medium
Instagram,Text,10,Thu,1277,13.0,113.0,0,0,52,2,3,0.05717,Low
X,Carousel,1,Sat,8208,23.0,290.0,0,0,439,39,31,0.08662,Medium
YouTube,Carousel,6,Thu,4053,28.0,233.0,0,0,234,24,18,0.09771,Medium
X,Image,11,Tue,19337,27.0,182.0,0,1,1252,80,62,0.09319,Medium
Instagram,Reel/Video,22,Sun,6193,25.0,12.0,21,1,960,76,21,0.20878,High
Instagram,Image,11,Sat,5111,0.0,485.0,0,0,261,9,6,0.06222,Low
Instagram,Reel/Video,12,Sat,3280,4.0,166.0,105,0,268,21,14,0.12226,High
X,Reel/Video,20,Sun,14320,22.0,29.0,50,0,2132,104,35,0.18289,High
X,Text,17,Wed,5454,,499.0,0,0,170,15,9,0.04767,Low
X,Carousel,8,Thu,21759,4.0,443.0,0,0,464,18,18,0.02794,Low
YouTube,Image,13,Tue,25716,22.0,167.0,0,1,1541,31,38,0.07093,Low
X,Image,23,Sun,28406,17.0,48.0,0,1,2007,138,128,0.10776,Medium
Facebook,Carousel,8,Sun,922,10.0,370.0,0,1,58,3,3,0.08894,Medium
Instagram,Text,12,Thu,31570,22.0,333.0,0,1,1408,53,54,0.05819,Low
YouTube,Image,3,Wed,10885,6.0,491.0,0,0,345,18,16,0.04401,Low
Instagram,Reel/Video,3,Mon,52227,20.0,60.0,148,1,5056,508,216,0.14667,High
Instagram,Reel/Video,3,Sat,4843,7.0,,114,1,464,32,30,0.1466,High
Facebook,Image,20,Thu,4751,2.0,373.0,0,0,142,3,1,0.03284,Low
X,Image,23,Sun,18420,16.0,18.0,0,1,1436,84,32,0.10033,Medium
X,Image,22,Tue,14747,7.0,22.0,0,1,253000,31,58,0.09982,Medium
X,Reel/Video,13,Sat,8288,10.0,435.0,156,0,852,100,24,0.15347,High
Facebook,Image,17,Tue,142819,0.0,237.0,0,1,4915,172,100,0.04153,Low
YouTube,Reel/Video,3,Sun,16588,10.0,372.0,64,0,1837,215,32,0.15927,High
Instagram,Image,23,Fri,40817,8.0,40.0,0,0,2093,107,49,0.06514,Low
X,Reel/Video,15,Wed,32668,22.0,449.0,82,1,2959,189,131,0.12798,High
Facebook,Reel/Video,3,Wed,6805,20.0,413.0,172,0,766,61,8,0.14533,High
Instagram,Image,13,Tue,4745,4.0,415.0,0,0,61,6,1,0.0177,Low
Instagram,Story,2,Wed,11813,29.0,313.0,138,1,1602,181,126,0.23491,High
Instagram,Text,16,Tue,9449,20.0,317.0,0,0,199,20,3,0.029,Low
Facebook,Text,2,Tue,17312,14.0,494.0,0,1,769,81,53,0.07376,Low
Instagram,Text,22,Mon,22005,8.0,420.0,0,0,1420,104,52,0.09052,Medium
Instagram,Carousel,23,Tue,42497,14.0,236.0,0,1,2288,83,38,0.06417,Low
Instagram,Story,22,Thu,25331,21.0,95.0,151,1,3458,108,175,0.18385,High
YouTube,Text,9,Fri,6215,20.0,53.0,0,0,259,16,11,0.05825,Low
Instagram,Text,10,Mon,6323,24.0,18.0,0,1,367,34,26,0.09473,Medium
YouTube,Reel/Video,9,Tue,5606,11.0,432.0,9,1,569,58,12,0.14324,High
Instagram,Reel/Video,7,Tue,8580,19.0,,111,1,731,47,12,0.10862,Medium
Instagram,Reel/Video,6,Tue,158384,12.0,90.0,49,0,11252,923,512,0.10469,Medium
YouTube,Reel/Video,3,Tue,8182,9.0,479.0,44,0,615,57,27,0.11256,Medium
YouTube,Story,1,Thu,12988,13.0,358.0,12,1,1120,88,55,0.12773,High
X,Reel/Video,4,Sat,7798,14.0,259.0,75,1,1079,57,12,0.16799,High
Instagram,Carousel,7,Sun,63343,1.0,33.0,0,0,3323,318,179,0.08165,Medium
X,Image,10,Wed,315,14.0,33.0,0,1,20,0,0,0.06349,Low
Instagram,Story,0,Thu,2557,11.0,293.0,79,1,255,17,10,0.13923,High
Instagram,Image,11,Sun,44222,,324.0,0,0,2433,250,101,0.0834,Medium
Instagram,Story,16,Mon,10168,21.0,362.0,54,1,814,70,39,0.11989,Medium
Facebook,Story,14,Thu,2308,8.0,101.0,105,1,188,18,2,0.10919,Medium
Instagram,Reel/Video,18,Fri,4183,15.0,208.0,7,0,495,50,19,0.17691,High
Instagram,Carousel,22,Thu,1913,6.0,196.0,0,0,131,10,3,0.092,Medium
YouTube,Image,1,Mon,17662,16.0,185.0,0,0,792,54,57,0.07015,Low
X,Reel/Video,1,Tue,36885,26.0,271.0,160,0,2221,246,59,0.08822,Medium
X,Reel/Video,7,Fri,8192,14.0,233.0,166,1,572,65,21,0.10645,Medium
Instagram,Text,5,Sat,14659,18.0,415.0,0,0,797,87,46,0.08786,Medium
YouTube,Reel/Video,16,Tue,28855,8.0,260.0,71,1,2615,217,31,0.11856,Medium
Instagram,Text,0,Tue,5626,12.0,320.0,0,0,233,26,15,0.06861,Low
Instagram,Story,12,Sat,3340,2.0,139.0,84,1,309,17,19,0.13623,High
Instagram,Carousel,5,Fri,9709,15.0,85.0,0,1,730,46,58,0.11927,Medium
Instagram,Image,5,Sat,6439,2.0,201.0,0,0,339,32,21,0.08386,Medium
Instagram,Reel/Video,1,Thu,10208,3.0,154.0,162,1,850,34,54,0.11971,Medium
Instagram,Reel/Video,8,Tue,1869,10.0,367.0,39,0,161,3,8,0.11236,Medium
X,Image,18,Wed,18272,5.0,315.0,0,1,1583,115,33,0.11455,Medium
Instagram,Reel/Video,7,Tue,142945,27.0,393.0,40,0,12358,316,383,0.10648,Medium
Facebook,Reel/Video,7,Sun,24039,27.0,247.0,176,1,2375,49,143,0.13466,High
Facebook,Reel/Video,14,Sun,8164,11.0,187.0,99,1,880,89,36,0.16254,High
YouTube,Reel/Video,23,Fri,21154,11.0,115.0,61,1,2190,152,121,0.15368,High
Instagram,Image,11,Fri,5208,14.0,,0,0,187,17,3,0.04858,Low
Instagram,Image,2,Thu,8916,30.0,123.0,0,1,372,31,22,0.06449,Low
YouTube,Reel/Video,3,Sat,32436,21.0,327.0,121,0,3217,68,234,0.14154,High
Instagram,Image,21,Fri,42056,25.0,188.0,0,1,3522,271,243,0.13197,High
X,Story,2,Thu,27924,29.0,205.0,91,0,2048,150,114,0.10987,Medium
Facebook,Reel/Video,21,Fri,5407,0.0,160.0,28,1,674,29,25,0.16386,High
Facebook,Image,14,Wed,33571,12.0,265.0,0,0,1762,191,117,0.08698,Medium
Instagram,Image,15,Wed,59116,0.0,455.0,0,0,135,5,3,0.00279,Low
Instagram,Reel/Video,3,Sat,4902,14.0,159.0,171,1,584,25,5,0.13953,High
Instagram,Story,12,Sun,1124,23.0,350.0,164,0,134,6,7,0.16637,High
Instagram,Text,20,Fri,536,15.0,285.0,0,0,39,3,2,0.10821,Medium
Instagram,Image,7,Tue,17162,4.0,482.0,0,0,421,10,4,0.02744,Low
Instagram,Reel/Video,21,Sun,3500,10.0,147.0,116,0,357,10,22,0.142,High
Instagram,Story,16,Sun,23739,23.0,365.0,120,0,2165,211,73,0.13324,High
YouTube,Carousel,7,Mon,33820,11.0,183.0,0,0,1345,91,89,0.061,Low
Instagram,Reel/Video,16,Wed,16777,3.0,24.0,145,1,1680,143,94,0.15372,High
YouTube,Carousel,22,Tue,9880,3.0,348.0,0,1,626,27,48,0.09585,Medium
YouTube,Image,22,Sun,3777,13.0,362.0,0,0,354,20,9,0.12153,High
YouTube,Carousel,16,Thu,2683,24.0,466.0,0,1,140,9,4,0.0697,Low
Instagram,Reel/Video,14,Fri,3141,23.0,176.0,101,1,315,30,23,0.16555,High
Instagram,Story,3,Wed,12332,,154.0,145,0,1054,38,68,0.12228,High
YouTube,Reel/Video,12,Wed,43880,3.0,,175,0,3579,280,68,0.10845,Medium
X,Carousel,13,Mon,591,,280.0,0,0,28,1,0,0.05245,Low
YouTube,Text,11,Wed,4562,23.0,187.0,0,0,139,14,9,0.04954,Low
YouTube,Carousel,16,Sun,2612,22.0,455.0,0,0,145,8,2,0.06853,Low
X,Story,22,Thu,6663,20.0,355.0,143,0,642,24,24,0.12517,High
YouTube,Image,23,Fri,4456,22.0,419.0,0,1,190,6,8,0.05566,Low
X,Image,1,Sat,11774,1.0,196.0,0,1,655,36,23,0.07457,Low
Instagram,Carousel,4,Sat,35385,11.0,198.0,0,0,1940,218,135,0.09238,Medium
Instagram,Image,23,Tue,8632,0.0,44.0,0,0,145,5,6,0.02201,Low
YouTube,Image,10,Tue,12737,,252.0,0,0,459,14,24,0.04876,Low
Facebook,Text,17,Wed,57806,15.0,,0,0,1397,28,65,0.03124,Low
Facebook,Image,17,Sun,7137,11.0,411.0,0,1,440,9,32,0.08785,Medium
Facebook,Text,5,Sun,27365,18.0,466.0,0,1,1660,100,33,0.07765,Medium
YouTube,Reel/Video,19,Tue,1347,1.0,138.0,12,1,159,16,4,0.16852,High
Instagram,Reel/Video,13,Wed,2954,23.0,310.0,40,1,280,31,10,0.1432,High
YouTube,Reel/Video,0,Tue,34380,15.0,,144,1,3315,105,234,0.13962,High
Facebook,Reel/Video,23,Fri,22352,21.0,399.0,130,0,1877,193,41,0.11905,Medium
X,Reel/Video,18,Mon,28520,18.0,161.0,137,0,2901,300,212,0.17044,High
Instagram,Story,18,Fri,13011,24.0,243.0,122,1,1836,130,138,0.22412,High
Instagram,Carousel,11,Tue,3265,19.0,364.0,0,1,252,28,3,0.1075,Medium
Instagram,Story,3,Mon,22761,8.0,445.0,127,0,1609,55,55,0.09002,Medium
X,Reel/Video,18,Thu,44719,18.0,361.0,94,0,6694,334,211,0.19569,High
YouTube,Reel/Video,2,Sun,95944,16.0,363.0,102,1,253000,556,734,0.1641,High
Instagram,Reel/Video,22,Wed,6496,3.0,240.0,11,1,800,50,56,0.18935,High
Facebook,Story,7,Fri,26344,30.0,132.0,79,0,2444,228,55,0.12918,High
Instagram,Reel/Video,7,Sat,3024,12.0,150.0,56,0,294,17,15,0.13889,High
Facebook,Image,11,Tue,30087,1.0,180.0,0,0,70,3,4,0.00329,Low
Facebook,Story,23,Sun,21399,8.0,101.0,161,0,2131,180,105,0.14935,High
Instagram,Carousel,10,Tue,4286,13.0,290.0,0,1,214,5,15,0.07093,Low
YouTube,Reel/Video,18,Tue,2319,29.0,290.0,31,1,292,16,7,0.16171,High
Instagram,Reel/Video,9,Sun,10040,3.0,80.0,67,0,964,108,76,0.16614,High
Facebook,Story,16,Wed,3996,,82.0,135,0,380,27,27,0.14915,High
Instagram,Reel/Video,21,Thu,32314,4.0,249.0,68,1,3346,157,221,0.15232,High
YouTube,Image,14,Fri,19265,18.0,176.0,0,0,263,21,8,0.019,Low
Facebook,Carousel,23,Fri,26734,26.0,106.0,0,0,1112,58,22,0.05222,Low
Facebook,Story,23,Thu,9505,21.0,352.0,170,0,798,36,53,0.1232,High
X,Reel/Video,8,Sat,11665,4.0,236.0,167,0,768,46,50,0.0991,Medium
YouTube,Image,10,Mon,21817,5.0,216.0,0,0,699,38,43,0.04712,Low
Instagram,Carousel,6,Sat,9803,4.0,20.0,0,1,723,37,7,0.08865,Medium
YouTube,Story,3,Mon,6864,18.0,,20,1,684,19,41,0.13782,High
Instagram,Reel/Video,20,Wed,3188,21.0,94.0,32,0,345,26,20,0.16405,High
Instagram,Carousel,16,Mon,12547,,54.0,0,1,300,9,6,0.02845,Low
Instagram,Reel/Video,14,Sat,3520,30.0,63.0,41,1,440,36,15,0.17699,High
Instagram,Image,5,Tue,15134,21.0,377.0,0,0,595,61,14,0.05603,Low
Facebook,Text,10,Wed,12180,26.0,358.0,0,1,575,47,9,0.06248,Low
Facebook,Image,13,Fri,19334,4.0,56.0,0,0,374,29,17,0.02824,Low
YouTube,Reel/Video,17,Thu,2306,25.0,156.0,71,1,207,9,7,0.11665,Medium
Facebook,Image,23,Tue,26630,8.0,280.0,0,1,1657,184,117,0.10492,Medium
X,Reel/Video,2,Thu,3542,13.0,149.0,166,1,283,21,18,0.12309,High
YouTube,Reel/Video,18,Wed,13078,11.0,396.0,45,1,1701,170,50,0.18818,High
Instagram,Story,17,Thu,47481,8.0,244.0,98,1,4417,169,268,0.13193,High
YouTube,Image,7,Thu,16646,28.0,500.0,0,0,652,13,25,0.04902,Low
YouTube,Reel/Video,21,Sun,1548,20.0,273.0,95,0,186,13,12,0.18411,High
YouTube,Story,13,Fri,4692,21.0,371.0,99,1,436,32,18,0.13257,High
Facebook,Reel/Video,23,Wed,11915,5.0,236.0,40,1,832,57,60,0.10936,Medium
Instagram,Text,11,Sat,9383,25.0,128.0,0,1,707,84,48,0.12778,High
YouTube,Text,9,Thu,5253,0.0,70.0,0,1,177,17,3,0.04626,Low
YouTube,Carousel,18,Wed,1728,,307.0,0,0,116,11,3,0.09491,Medium
Instagram,Reel/Video,23,Tue,2645,8.0,325.0,126,0,174,4,4,0.07788,Medium
YouTube,Text,22,Mon,61376,23.0,464.0,0,1,6574,587,268,0.15763,High
X,Text,9,Wed,24451,6.0,262.0,0,1,1575,76,61,0.08621,Medium
Instagram,Reel/Video,15,Wed,11502,6.0,52.0,72,0,671,61,41,0.09207,Medium
YouTube,Image,2,Thu,13295,26.0,357.0,0,1,572,56,36,0.0692,Low
Instagram,Text,22,Mon,38088,7.0,243.0,0,0,1537,68,87,0.05713,Low
Instagram,Story,19,Thu,23748,7.0,,43,0,2129,171,165,0.14599,High
X,Image,5,Thu,17760,12.0,115.0,0,1,902,86,32,0.07432,Low
Instagram,Carousel,4,Tue,79182,5.0,,0,0,1833,171,130,0.03784,Low
Instagram,Carousel,0,Tue,8925,8.0,286.0,0,1,532,18,38,0.08695,Medium
Instagram,Reel/Video,6,Wed,14655,3.0,492.0,32,1,1210,81,19,0.10563,Medium
Facebook,Reel/Video,17,Wed,13662,6.0,326.0,9,1,951,106,50,0.11118,Medium
YouTube,Text,3,Sun,6469,19.0,181.0,0,1,432,30,31,0.10465,Medium
X,Image,14,Sun,9149,7.0,381.0,0,0,399,36,27,0.07017,Low
YouTube,Carousel,20,Sat,111436,29.0,53.0,0,0,7070,160,344,0.08319,Medium
YouTube,Image,8,Thu,2680,6.0,192.0,0,1,71,7,5,0.04366,Low
Instagram,Story,14,Fri,22038,3.0,123.0,22,1,1571,180,93,0.11689,Medium
Facebook,Story,4,Mon,5846,3.0,125.0,110,0,412,42,30,0.11769,Medium
YouTube,Carousel,15,Tue,6517,18.0,468.0,0,1,323,9,8,0.05984,Low
Instagram,Image,5,Fri,79331,29.0,18.0,0,0,2649,284,179,0.05541,Low
X,Text,15,Mon,9261,28.0,229.0,0,0,572,15,44,0.09038,Medium
YouTube,Image,16,Sun,6999,0.0,250.0,0,0,269,28,10,0.05758,Low
Instagram,Carousel,19,Tue,2038,13.0,493.0,0,1,145,13,2,0.09519,Medium
Instagram,Image,12,Mon,14548,,403.0,0,1,792,32,24,0.06929,Low
X,Carousel,18,Thu,11034,26.0,441.0,0,0,588,35,28,0.07549,Low
X,Reel/Video,21,Wed,2265,5.0,237.0,120,0,254,13,17,0.16689,High
YouTube,Carousel,23,Sat,12031,16.0,71.0,0,0,553,27,18,0.06018,Low
X,Reel/Video,10,Sat,10695,14.0,330.0,69,1,985,87,39,0.13474,High
Facebook,Story,12,Tue,13890,8.0,138.0,124,1,1226,55,60,0.12174,High
X,Text,12,Mon,10748,27.0,370.0,0,0,399,47,6,0.05303,Low
X,Story,22,Mon,8048,11.0,398.0,164,0,741,39,15,0.11593,Medium
X,Text,13,Thu,23332,11.0,239.0,0,0,930,25,40,0.05165,Low
YouTube,Story,20,Thu,1885,24.0,177.0,140,0,148,13,10,0.12573,High
YouTube,Image,18,Fri,9884,27.0,,0,0,527,42,28,0.08023,Medium
X,Reel/Video,22,Sun,23359,10.0,143.0,131,0,2835,96,150,0.1658,High
Facebook,Image,9,Sat,10246,29.0,306.0,0,1,698,27,48,0.09945,Medium
X,Reel/Video,23,Mon,3333,8.0,355.0,50,1,419,35,14,0.17822,High
YouTube,Story,15,Mon,26888,22.0,171.0,81,1,2875,239,184,0.16781,High
Facebook,Reel/Video,0,Mon,23406,2.0,385.0,16,1,1807,165,32,0.10519,Medium
X,Reel/Video,14,Mon,7023,8.0,492.0,15,0,542,18,40,0.11334,Medium
YouTube,Story,16,Fri,10824,16.0,294.0,121,0,1002,83,75,0.15022,High
Facebook,Reel/Video,23,Sun,17847,23.0,21.0,112,0,1272,89,24,0.09296,Medium
X,Carousel,3,Sat,3799,,162.0,0,1,215,17,13,0.08713,Medium
Instagram,Story,15,Wed,10808,10.0,266.0,65,1,877,81,67,0.13462,High
X,Carousel,20,Mon,7543,10.0,256.0,0,0,340,16,20,0.0647,Low
Instagram,Carousel,3,Wed,2981,20.0,73.0,0,0,147,8,8,0.07078,Low
X,Reel/Video,20,Fri,40113,22.0,396.0,171,0,5774,215,188,0.18346,High
YouTube,Carousel,21,Fri,43270,7.0,438.0,0,0,2409,123,109,0.0768,Medium
X,Text,1,Tue,3091,24.0,488.0,0,0,166,19,13,0.09317,Medium
Facebook,Reel/Video,16,Fri,13967,28.0,485.0,120,0,959,95,60,0.11055,Medium
Instagram,Text,5,Wed,23638,16.0,245.0,0,1,253000,34,78,0.07369,Low
YouTube,Reel/Video,3,Wed,5644,9.0,49.0,128,1,591,49,29,0.15645,High
Instagram,Reel/Video,8,Wed,8416,29.0,202.0,118,1,980,67,48,0.16885,High
Instagram,Image,10,Sun,15175,22.0,268.0,0,0,960,34,30,0.07987,Medium
X,Story,1,Sat,12498,8.0,70.0,164,0,1164,124,72,0.1517,High
Facebook,Carousel,14,Thu,9857,12.0,151.0,0,1,462,40,26,0.07223,Low
Instagram,Reel/Video,12,Wed,116543,26.0,26.0,140,1,9469,385,392,0.10798,Medium
Instagram,Image,8,Mon,15028,26.0,201.0,0,0,470,49,25,0.04937,Low
YouTube,Story,6,Sat,91088,30.0,91.0,132,0,8309,246,421,0.12243,High
Instagram,Text,1,Sun,12976,5.0,420.0,0,1,781,58,19,0.08092,Medium
Instagram,Reel/Video,16,Fri,4408,21.0,459.0,174,0,315,37,23,0.12273,High
YouTube,Reel/Video,12,Fri,5659,13.0,497.0,115,1,490,45,25,0.13253,High
Facebook,Reel/Video,14,Wed,5119,23.0,218.0,172,1,510,20,31,0.14163,High
X,Image,12,Sun,9101,4.0,396.0,0,1,517,13,17,0.07043,Low
Instagram,Reel/Video,17,Sun,3433,25.0,218.0,155,0,401,33,28,0.18643,High
Instagram,Reel/Video,2,Fri,17370,18.0,43.0,114,0,1279,59,91,0.11002,Medium
Instagram,Image,14,Tue,4577,1.0,260.0,0,0,141,8,2,0.03823,Low
Facebook,Image,4,Fri,3358,10.0,24.0,0,1,207,18,11,0.0941,Medium
Facebook,Reel/Video,23,Mon,2098,3.0,87.0,36,0,151,15,11,0.11964,Medium
X,Reel/Video,5,Thu,3555,23.0,388.0,146,0,228,26,14,0.10577,Medium
YouTube,Image,19,Mon,49415,7.0,189.0,0,1,3467,90,113,0.08706,Medium
X,Image,2,Fri,12811,30.0,360.0,0,1,639,49,10,0.06526,Low
X,Reel/Video,2,Sat,39231,27.0,186.0,144,1,5548,197,430,0.21129,High
YouTube,Carousel,7,Fri,14999,1.0,389.0,0,0,726,36,27,0.0646,Low
X,Carousel,17,Wed,8750,,456.0,0,1,494,54,7,0.07897,Medium
Instagram,Carousel,19,Fri,17233,6.0,112.0,0,0,525,16,34,0.04311,Low
Instagram,Text,18,Mon,14126,16.0,138.0,0,0,882,71,52,0.09592,Medium
Instagram,Carousel,6,Mon,18831,24.0,299.0,0,0,852,31,14,0.0539,Low
YouTube,Image,16,Sun,6999,0.0,250.0,0,0,269,28,10,0.05758,Low
X,Image,6,Sat,18311,30.0,271.0,0,0,609,24,31,0.04566,Low
Instagram,Reel/Video,21,Thu,13735,3.0,387.0,7,0,1045,26,68,0.10652,Medium
Instagram,Reel/Video,2,Fri,6671,21.0,301.0,95,0,590,17,39,0.12532,High
Instagram,Carousel,23,Wed,1609,3.0,87.0,0,1,34,2,0,0.02486,Low
X,Image,13,Sat,37275,12.0,19.0,0,1,2926,277,207,0.12856,High
X,Reel/Video,21,Thu,7284,14.0,217.0,78,0,758,83,44,0.16845,High
Facebook,Reel/Video,18,Wed,12955,24.0,360.0,119,0,1247,65,70,0.13832,High
Facebook,Reel/Video,22,Wed,6445,6.0,348.0,37,1,659,29,43,0.14911,High
YouTube,Story,8,Sat,13034,7.0,57.0,53,1,1568,133,59,0.17355,High
Instagram,Image,16,Tue,4604,13.0,209.0,0,1,283,30,9,0.09079,Medium
YouTube,Image,8,Thu,14675,1.0,13.0,0,1,595,64,8,0.05635,Low
YouTube,Reel/Video,5,Mon,11450,9.0,173.0,68,0,1124,43,14,0.11555,Medium
YouTube,Reel/Video,23,Mon,5895,7.0,264.0,105,0,446,49,12,0.11077,Medium
X,Carousel,11,Wed,35311,13.0,477.0,0,0,1397,82,59,0.05488,Low
Instagram,Reel/Video,1,Sun,1847,13.0,394.0,73,1,188,9,4,0.12723,High
X,Image,1,Tue,6948,9.0,196.0,0,1,424,42,24,0.09643,Medium
Facebook,Reel/Video,2,Fri,3215,30.0,359.0,129,1,279,18,10,0.11913,Medium
YouTube,Reel/Video,0,Tue,22128,23.0,101.0,152,1,2007,138,111,0.13449,High
Facebook,Image,23,Sat,39366,30.0,372.0,0,1,2382,197,106,0.08899,Medium
X,Text,17,Tue,16913,26.0,450.0,0,1,500,38,29,0.04488,Low
Facebook,Image,17,Fri,7214,27.0,27.0,0,1,357,42,24,0.08359,Medium
Instagram,Image,9,Sat,6721,6.0,14.0,0,1,338,20,13,0.06889,Low
X,Carousel,18,Sun,30190,10.0,478.0,0,1,2939,133,75,0.12299,High
X,Reel/Video,0,Fri,11064,6.0,116.0,54,1,253000,109,46,0.13304,High
Instagram,Reel/Video,19,Tue,17177,15.0,195.0,61,0,1970,190,107,0.17902,High
Instagram,Reel/Video,1,Fri,4986,0.0,354.0,72,0,329,14,10,0.08444,Medium
Instagram,Text,13,Sun,9526,8.0,,0,1,560,39,36,0.08996,Medium
Facebook,Carousel,2,Tue,3101,20.0,184.0,0,1,137,3,1,0.04869,Low
Facebook,Text,13,Sun,8053,20.0,111.0,0,0,365,19,9,0.05799,Low
Facebook,Text,21,Fri,7643,28.0,142.0,0,0,468,14,22,0.08112,Medium
Instagram,Text,9,Fri,30377,4.0,270.0,0,0,575,17,22,0.02423,Low
Instagram,Image,1,Sun,8817,18.0,107.0,0,0,409,35,10,0.06397,Low
YouTube,Text,12,Tue,47627,24.0,80.0,0,0,1403,135,108,0.0493,Low
Facebook,Story,2,Wed,740,29.0,370.0,100,0,62,1,3,0.10811,Medium
X,Image,3,Mon,7152,,440.0,0,0,245,23,9,0.0502,Low
X,Carousel,22,Thu,9864,13.0,40.0,0,1,875,102,67,0.15369,High
Instagram,Story,12,Tue,10331,9.0,165.0,119,0,743,82,45,0.11751,Medium
Instagram,Image,19,Tue,2992,17.0,377.0,0,0,163,11,12,0.08556,Medium
Facebook,Reel/Video,7,Mon,34858,14.0,459.0,146,1,4151,168,309,0.17786,High
Instagram,Text,3,Wed,14346,5.0,186.0,0,0,208,8,10,0.01966,Low
X,Image,2,Tue,13095,30.0,55.0,0,0,714,70,55,0.09156,Medium
Instagram,Carousel,5,Fri,9709,15.0,85.0,0,1,730,46,58,0.11927,Medium
Facebook,Carousel,17,Sat,6282,18.0,173.0,0,1,523,20,38,0.12305,High
X,Image,18,Mon,17036,26.0,394.0,0,0,1456,127,28,0.11605,Medium
X,Text,3,Tue,95391,8.0,187.0,0,0,4113,336,289,0.06883,Low
Instagram,Story,15,Thu,9951,27.0,190.0,34,1,1019,94,17,0.13928,High
X,Reel/Video,15,Sat,28894,19.0,72.0,94,0,3030,353,236,0.18236,High
Instagram,Image,11,Sun,80065,13.0,407.0,0,1,6388,733,394,0.13186,High
X,Carousel,13,Sun,22166,2.0,493.0,0,1,1213,38,71,0.07588,Low
Instagram,Text,22,Mon,38088,7.0,243.0,0,0,1537,68,87,0.05713,Low
X,Story,19,Fri,13783,12.0,371.0,79,0,1544,33,50,0.13734,High
Instagram,Reel/Video,4,Sun,1613,18.0,182.0,32,1,154,4,5,0.11841,Medium
YouTube,Reel/Video,9,Mon,1458,4.0,491.0,43,1,109,4,1,0.08642,Medium
YouTube,Carousel,7,Sat,50509,6.0,370.0,0,1,2746,310,211,0.09367,Medium
Instagram,Carousel,1,Sat,14190,19.0,28.0,0,1,1206,106,89,0.13876,High
X,Reel/Video,11,Fri,18527,17.0,436.0,27,1,1878,160,46,0.13969,High
Instagram,Carousel,0,Fri,63500,1.0,255.0,0,1,2379,273,38,0.05335,Low
Instagram,Carousel,6,Wed,25178,,184.0,0,0,148,16,7,0.00917,Low
Instagram,Reel/Video,6,Wed,1514,9.0,55.0,115,1,148,5,4,0.12087,Medium
Instagram,Text,20,Sat,10130,11.0,454.0,0,1,856,78,40,0.12734,High
Instagram,Image,23,Sun,49846,5.0,206.0,0,1,3642,215,152,0.10125,Medium
X,Reel/Video,5,Fri,47034,25.0,113.0,42,0,3583,389,123,0.11407,Medium
YouTube,Story,19,Tue,32202,,441.0,28,1,3044,205,193,0.14359,High
YouTube,Carousel,4,Tue,14722,22.0,454.0,0,0,469,51,16,0.04768,Low
Instagram,Image,20,Mon,9834,20.0,93.0,0,1,740,76,9,0.10301,Medium
X,Reel/Video,16,Sun,27445,26.0,493.0,41,1,2598,276,143,0.15088,High
Instagram,Image,7,Fri,15151,8.0,178.0,0,1,717,31,13,0.05775,Low
YouTube,Reel/Video,14,Sun,4782,28.0,370.0,148,1,580,60,35,0.19552,High
YouTube,Carousel,17,Mon,12768,20.0,161.0,0,1,904,84,26,0.10072,Medium
X,Reel/Video,15,Mon,311,15.0,418.0,179,0,31,2,1,0.13505,High
Instagram,Carousel,4,Tue,25734,29.0,218.0,0,1,1311,140,100,0.08669,Medium
Facebook,Carousel,6,Sat,8041,3.0,66.0,0,1,463,42,4,0.07574,Low
X,Image,11,Fri,921,27.0,396.0,0,1,31,1,0,0.03692,Low
YouTube,Reel/Video,5,Sun,13307,6.0,91.0,137,0,1098,49,61,0.11648,Medium
Facebook,Reel/Video,22,Sun,13127,13.0,,126,1,2062,81,84,0.20759,High
Instagram,Carousel,19,Mon,3276,3.0,414.0,0,1,155,12,3,0.06288,Low
YouTube,Story,17,Fri,1903,29.0,175.0,178,1,240,12,18,0.19233,High
Facebook,Story,18,Sat,7028,26.0,355.0,21,0,741,70,51,0.1716,High
YouTube,Story,11,Tue,6082,18.0,38.0,6,1,566,53,19,0.13482,High
YouTube,Image,4,Tue,31642,5.0,220.0,0,1,1449,58,102,0.06741,Low
X,Image,6,Thu,7644,1.0,32.0,0,1,278,24,12,0.05364,Low
Instagram,Text,7,Fri,14884,0.0,,0,0,253,28,11,0.02634,Low
Instagram,Image,2,Sat,2291,7.0,203.0,0,1,149,11,5,0.09035,Medium
X,Story,21,Mon,16642,22.0,242.0,83,0,1439,38,56,0.11014,Medium
Facebook,Carousel,4,Mon,2352,9.0,106.0,0,0,4,0,0,0.0017,Low
Instagram,Story,23,Wed,10389,13.0,318.0,70,1,1335,152,53,0.1979,High
Facebook,Image,21,Sun,5805,18.0,184.0,0,0,441,37,22,0.11404,Medium
Instagram,Story,13,Mon,10180,2.0,311.0,30,1,788,84,32,0.11788,Medium
X,Carousel,18,Sun,30190,10.0,478.0,0,1,2939,133,75,0.12299,High
Instagram,Reel/Video,4,Fri,9437,13.0,460.0,134,0,922,37,62,0.14231,High
Instagram,Reel/Video,6,Thu,23472,26.0,,155,0,1858,70,32,0.09492,Medium
Instagram,Image,16,Mon,2173,19.0,434.0,0,1,166,13,6,0.10815,Medium
X,Carousel,6,Tue,4655,12.0,181.0,0,1,301,35,23,0.11192,Medium
Instagram,Reel/Video,22,Wed,3405,24.0,89.0,71,1,353,16,18,0.1442,High
X,Reel/Video,20,Mon,87087,13.0,384.0,108,1,10693,904,307,0.17155,High
X,Image,18,Fri,70202,14.0,149.0,0,1,7672,621,562,0.17585,High
YouTube,Image,0,Sat,4771,19.0,17.0,0,0,445,38,19,0.13708,High
X,Text,7,Sat,21684,13.0,491.0,0,0,894,38,41,0.05594,Low
Facebook,Reel/Video,12,Mon,16167,24.0,377.0,116,0,1167,102,33,0.10132,Medium
Instagram,Story,23,Tue,1423,1.0,172.0,170,0,101,4,2,0.08644,Medium
Instagram,Reel/Video,0,Wed,5807,13.0,496.0,171,0,363,37,21,0.09971,Medium
Instagram,Image,18,Sat,8041,23.0,425.0,0,1,783,62,20,0.13294,High
Instagram,Text,19,Thu,40777,8.0,327.0,0,1,2617,145,160,0.09447,Medium
Instagram,Reel/Video,2,Sat,4641,2.0,159.0,158,1,499,35,28,0.16031,High
Instagram,Reel/Video,1,Tue,9353,19.0,169.0,159,1,977,96,73,0.17428,High
Instagram,Reel/Video,1,Sun,8335,8.0,220.0,10,1,841,77,63,0.16641,High
Facebook,Image,1,Thu,93836,23.0,207.0,0,0,3066,157,111,0.04361,Low
X,Reel/Video,21,Tue,12691,23.0,141.0,78,1,1607,86,39,0.16232,High
YouTube,Reel/Video,9,Tue,7021,28.0,434.0,42,1,648,69,16,0.13317,High
Instagram,Story,17,Sat,11614,19.0,463.0,145,1,1365,103,14,0.15016,High
YouTube,Carousel,7,Thu,12049,21.0,225.0,0,0,523,37,28,0.06424,Low
X,Image,1,Thu,6535,11.0,500.0,0,0,231,12,2,0.04239,Low
YouTube,Reel/Video,18,Tue,24587,14.0,112.0,126,0,2790,111,47,0.13658,High
Instagram,Image,17,Sun,4304,4.0,93.0,0,0,208,9,12,0.06854,Low
YouTube,Text,19,Tue,3691,6.0,,0,1,285,29,8,0.11162,Medium
Instagram,Reel/Video,5,Sat,6746,14.0,11.0,69,1,861,92,46,0.20264,High
X,Image,8,Wed,1556,12.0,182.0,0,0,58,4,2,0.05141,Low
YouTube,Reel/Video,19,Mon,3524,13.0,24.0,10,1,369,12,28,0.15465,High
Facebook,Carousel,21,Wed,44090,8.0,282.0,0,0,3419,237,224,0.11907,Medium
Instagram,Text,14,Tue,35098,29.0,292.0,0,1,2334,49,165,0.09419,Medium
Facebook,Reel/Video,19,Sat,2671,15.0,48.0,84,1,375,18,27,0.21116,High
Instagram,Carousel,6,Wed,7361,9.0,219.0,0,0,314,15,3,0.05081,Low
Instagram,Image,17,Sat,9742,29.0,467.0,0,0,279,21,21,0.04588,Low
YouTube,Reel/Video,15,Wed,5575,21.0,209.0,10,1,482,36,33,0.13543,High
YouTube,Image,23,Sat,140416,11.0,145.0,0,1,13902,971,165,0.12563,High
YouTube,Story,8,Sun,2646,22.0,266.0,80,1,279,7,11,0.13416,High
YouTube,Carousel,15,Thu,9311,25.0,335.0,0,1,564,49,30,0.09247,Medium
X,Carousel,14,Tue,1529,30.0,295.0,0,0,26,2,1,0.0242,Low
YouTube,Image,3,Thu,24058,29.0,50.0,0,1,1310,30,36,0.06567,Low
Instagram,Story,8,Mon,10688,27.0,235.0,141,1,975,75,58,0.13941,High
Facebook,Story,18,Sun,3687,30.0,307.0,140,1,447,35,8,0.16056,High
Instagram,Reel/Video,16,Mon,69416,22.0,193.0,176,0,7595,523,483,0.16681,High
YouTube,Reel/Video,8,Tue,4019,29.0,169.0,78,0,413,11,28,0.14581,High
Instagram,Text,19,Sat,7202,0.0,,0,0,489,28,12,0.08789,Medium
X,Reel/Video,7,Thu,17329,16.0,288.0,144,1,1697,56,80,0.13071,High
YouTube,Carousel,14,Sun,14897,8.0,485.0,0,1,899,85,54,0.09559,Medium
YouTube,Reel/Video,5,Sun,24101,1.0,47.0,96,1,2334,78,135,0.13456,High
YouTube,Image,6,Sun,9332,4.0,485.0,0,0,310,21,3,0.04158,Low
YouTube,Text,2,Tue,23563,28.0,292.0,0,1,2009,208,124,0.13806,High
Instagram,Carousel,14,Thu,34181,8.0,206.0,0,0,533,46,7,0.02065,Low
X,Image,11,Thu,3535,23.0,181.0,0,1,183,6,9,0.06959,Low
YouTube,Carousel,3,Thu,6784,17.0,114.0,0,0,276,31,7,0.05955,Low
Instagram,Reel/Video,2,Thu,7741,1.0,23.0,177,1,676,34,34,0.12246,High
Instagram,Reel/Video,6,Thu,5392,18.0,312.0,167,0,421,46,16,0.11851,Medium
YouTube,Image,13,Mon,10237,28.0,417.0,0,0,372,17,15,0.04865,Low
YouTube,Image,8,Sun,1667,15.0,97.0,0,0,99,10,1,0.08038,Medium
X,Reel/Video,8,Thu,81632,16.0,263.0,160,0,7498,614,393,0.13849,High
YouTube,Carousel,12,Thu,6119,4.0,479.0,0,0,175,19,5,0.042,Low
Instagram,Image,7,Mon,3498,21.0,149.0,0,0,126,8,8,0.05432,Low
Instagram,Image,14,Mon,9920,15.0,219.0,0,0,575,48,19,0.08206,Medium
Instagram,Image,23,Fri,26176,0.0,135.0,0,1,1108,35,80,0.06162,Low
X,Image,1,Fri,11076,24.0,197.0,0,1,545,45,24,0.07223,Low
YouTube,Reel/Video,14,Tue,34474,18.0,65.0,117,0,3334,145,40,0.11513,Medium
X,Reel/Video,7,Mon,551,28.0,135.0,152,0,47,3,2,0.11978,Medium
X,Reel/Video,13,Sat,2526,22.0,361.0,154,0,261,17,17,0.15717,High
YouTube,Text,1,Sun,8064,15.0,148.0,0,0,714,18,23,0.1095,Medium
Facebook,Image,16,Wed,70268,6.0,127.0,0,1,3012,349,43,0.06082,Low
Instagram,Image,13,Fri,1506,13.0,382.0,0,0,34,3,2,0.03519,Low
YouTube,Text,7,Tue,11334,8.0,126.0,0,1,601,19,44,0.07747,Medium
Facebook,Carousel,3,Mon,10255,14.0,479.0,0,0,387,14,21,0.05207,Low
YouTube,Reel/Video,20,Sun,421,6.0,91.0,68,0,45,5,2,0.16627,High
X,Reel/Video,11,Thu,11309,23.0,380.0,59,1,1171,76,15,0.13034,High
YouTube,Image,0,Mon,29351,11.0,478.0,0,0,1113,77,76,0.05874,Low
X,Carousel,19,Thu,16973,21.0,182.0,0,0,1384,92,40,0.10959,Medium
YouTube,Image,7,Tue,27772,11.0,16.0,0,0,599,21,30,0.02924,Low
Instagram,Reel/Video,10,Thu,8984,21.0,108.0,57,0,697,53,7,0.09918,Medium
YouTube,Carousel,21,Fri,4660,2.0,66.0,0,1,294,10,20,0.09099,Medium
Instagram,Reel/Video,3,Sun,13484,23.0,214.0,13,1,1427,80,79,0.15292,High
X,Reel/Video,0,Mon,2054,4.0,287.0,12,1,187,22,11,0.14995,High
Facebook,Text,6,Tue,7172,7.0,479.0,0,0,317,7,10,0.0541,Low
YouTube,Reel/Video,16,Tue,327044,7.0,127.0,8,0,23669,1916,303,0.09458,Medium
X,Reel/Video,0,Wed,511,14.0,191.0,22,0,39,2,1,0.09785,Medium
X,Image,20,Wed,2086,29.0,172.0,0,0,125,7,5,0.08198,Medium
Instagram,Reel/Video,10,Tue,3383,11.0,469.0,23,0,304,23,16,0.1339,High
Facebook,Carousel,9,Wed,3685,30.0,451.0,0,0,106,3,4,0.03664,Low
Instagram,Reel/Video,15,Fri,1899,25.0,291.0,84,1,176,6,7,0.12059,Medium
Instagram,Image,21,Fri,101436,7.0,442.0,0,0,6521,764,407,0.10694,Medium
YouTube,Reel/Video,23,Tue,7480,10.0,286.0,141,1,907,75,39,0.17741,High
X,Image,23,Sun,28406,17.0,48.0,0,1,2007,138,128,0.10776,Medium
YouTube,Text,10,Fri,14821,13.0,274.0,0,1,862,99,53,0.09608,Medium
YouTube,Story,23,Fri,742,14.0,201.0,27,0,57,2,0,0.08491,Medium
Instagram,Text,11,Sun,8841,30.0,79.0,0,0,380,28,27,0.06775,Low
YouTube,Image,22,Wed,11946,9.0,127.0,0,1,867,33,52,0.10263,Medium
YouTube,Carousel,4,Sat,26747,28.0,355.0,0,1,1919,56,61,0.08943,Medium
Instagram,Story,16,Mon,6045,20.0,444.0,84,1,610,25,23,0.13234,High
Instagram,Carousel,18,Mon,5791,12.0,188.0,0,1,424,12,31,0.1062,Medium
X,Text,3,Mon,6860,24.0,26.0,0,1,366,30,24,0.08397,Medium
Instagram,Image,7,Sun,13940,2.0,103.0,0,0,614,30,33,0.06234,Low
Facebook,Text,17,Thu,10639,6.0,268.0,0,0,281,19,18,0.04023,Low
YouTube,Text,10,Thu,33577,12.0,393.0,0,1,1584,56,109,0.06841,Low
X,Carousel,21,Wed,3790,19.0,344.0,0,1,335,39,13,0.13641,High
YouTube,Story,2,Thu,6867,14.0,440.0,176,0,453,29,32,0.10194,Medium
YouTube,Image,10,Thu,6935,29.0,430.0,0,0,114,10,1,0.02149,Low
Instagram,Image,21,Sun,18699,20.0,133.0,0,1,2032,168,155,0.17707,High
Instagram,Reel/Video,5,Mon,2680,2.0,302.0,59,0,172,16,5,0.09142,Medium
YouTube,Text,17,Mon,146178,16.0,102.0,0,1,6437,762,106,0.0633,Low
YouTube,Story,12,Tue,10942,13.0,305.0,121,0,1261,39,40,0.14421,High
Facebook,Text,19,Thu,31223,15.0,472.0,0,0,2555,157,128,0.11741,Medium
Instagram,Image,14,Fri,4668,2.0,479.0,0,1,270,31,19,0.09811,Medium
X,Image,1,Fri,841,20.0,244.0,0,0,51,4,2,0.0868,Medium
YouTube,Text,4,Thu,11044,15.0,488.0,0,0,366,18,15,0.04482,Low
YouTube,Reel/Video,17,Sat,1720,28.0,291.0,52,0,139,16,6,0.12616,High
X,Reel/Video,20,Mon,4370,22.0,357.0,151,1,555,41,10,0.16659,High
YouTube,Story,4,Thu,48822,3.0,451.0,107,0,3487,267,156,0.10381,Medium
Instagram,Reel/Video,22,Wed,1942,21.0,20.0,80,1,235,26,9,0.18435,High
YouTube,Image,13,Mon,5848,26.0,116.0,0,1,279,7,14,0.06327,Low
Instagram,Story,6,Sat,17058,6.0,106.0,13,1,1764,44,27,0.11906,Medium
Instagram,Reel/Video,12,Wed,13995,21.0,450.0,76,0,776,35,42,0.07796,Medium
YouTube,Carousel,18,Wed,14412,14.0,334.0,0,1,949,77,60,0.10269,Medium
Facebook,Image,14,Mon,57625,3.0,496.0,0,1,1451,73,32,0.03176,Low
Facebook,Image,0,Sun,9206,24.0,264.0,0,1,639,50,50,0.11286,Medium
Facebook,Image,5,Wed,7784,27.0,205.0,0,1,331,17,18,0.06064,Low
X,Image,8,Wed,20484,16.0,406.0,0,1,1329,124,70,0.10013,Medium
X,Image,15,Fri,5331,23.0,53.0,0,1,301,10,16,0.0771,Medium
X,Carousel,7,Sun,21367,2.0,473.0,0,0,1064,96,27,0.06959,Low
Facebook,Reel/Video,16,Thu,18845,24.0,176.0,107,1,2349,200,168,0.20106,High
X,Reel/Video,6,Fri,23111,0.0,233.0,167,1,1368,164,67,0.09498,Medium
YouTube,Carousel,8,Fri,5774,18.0,142.0,0,0,174,4,3,0.03481,Low
Instagram,Story,7,Mon,15350,23.0,274.0,141,0,1238,97,79,0.12534,High
Instagram,Reel/Video,14,Mon,44784,19.0,296.0,11,1,3757,186,150,0.1131,Medium
Instagram,Text,20,Mon,6308,22.0,310.0,0,1,434,31,9,0.09068,Medium
X,Text,13,Sun,7434,6.0,206.0,0,0,297,20,17,0.05946,Low
Instagram,Story,23,Sat,9469,26.0,234.0,74,0,1060,104,49,0.17077,High
Instagram,Reel/Video,8,Tue,20313,4.0,246.0,80,0,1922,85,129,0.13893,High
X,Reel/Video,6,Tue,38545,17.0,489.0,52,0,2514,110,140,0.09194,Medium
Facebook,Image,14,Fri,11908,10.0,428.0,0,0,338,35,16,0.04392,Low
X,Image,23,Sun,1698,3.0,70.0,0,0,30,2,1,0.02415,Low
Instagram,Image,18,Sat,4712,26.0,45.0,0,0,248,15,2,0.0643,Low
Instagram,Reel/Video,14,Sun,13223,2.0,421.0,74,0,851,29,25,0.08039,Medium
Instagram,Image,0,Thu,8143,0.0,494.0,0,0,14,1,0,0.00209,Low
X,Reel/Video,21,Mon,927,7.0,322.0,180,0,84,4,2,0.11435,Medium
X,Story,18,Tue,7802,,75.0,65,1,961,19,51,0.16316,High
YouTube,Carousel,23,Mon,30271,,102.0,0,0,467,19,17,0.02012,Low
Instagram,Carousel,10,Sat,14808,30.0,124.0,0,1,1137,113,27,0.10879,Medium
Instagram,Reel/Video,8,Tue,3752,,198.0,146,1,429,41,7,0.15645,High
Facebook,Image,6,Mon,18957,28.0,305.0,0,1,712,60,19,0.05207,Low
Instagram,Reel/Video,0,Mon,4336,25.0,292.0,6,1,375,22,20,0.12477,High
Facebook,Reel/Video,18,Wed,6099,14.0,428.0,78,0,553,40,27,0.13248,High
X,Reel/Video,22,Thu,15251,8.0,397.0,78,0,1446,90,33,0.12334,High
Instagram,Text,10,Fri,2873,15.0,175.0,0,0,112,3,3,0.04734,Low
Instagram,Carousel,5,Sat,2033,2.0,134.0,0,0,52,2,3,0.03591,Low
YouTube,Reel/Video,4,Wed,10303,17.0,175.0,85,1,1122,108,44,0.1617,High
YouTube,Reel/Video,22,Fri,26153,15.0,125.0,42,0,3184,226,232,0.19202,High
Facebook,Reel/Video,8,Sat,20320,17.0,367.0,173,0,2125,83,84,0.1375,High
Facebook,Story,1,Tue,7589,10.0,325.0,114,0,566,56,45,0.12637,High
YouTube,Image,2,Sun,25617,19.0,156.0,0,0,1847,206,124,0.12043,Medium
Instagram,Image,3,Fri,52644,16.0,276.0,0,1,1855,212,85,0.05539,Low
X,Reel/Video,1,Sun,11855,12.0,93.0,107,0,1383,90,85,0.17528,High
YouTube,Reel/Video,2,Mon,323,10.0,165.0,149,1,31,1,1,0.12074,Medium
YouTube,Reel/Video,20,Thu,7611,,276.0,68,0,680,48,23,0.12337,High
Facebook,Reel/Video,7,Thu,12702,1.0,412.0,154,0,736,33,7,0.06849,Low
Facebook,Carousel,7,Tue,3254,0.0,63.0,0,0,44,2,3,0.01998,Low
Instagram,Text,15,Wed,4413,0.0,286.0,0,0,65,5,2,0.02039,Low
YouTube,Reel/Video,5,Thu,9811,14.0,191.0,141,1,1081,115,37,0.1642,High
Facebook,Reel/Video,3,Fri,8215,,305.0,113,1,1030,21,47,0.16166,High
Instagram,Text,17,Sat,25150,7.0,424.0,0,0,1244,43,13,0.05718,Low
YouTube,Reel/Video,11,Thu,15747,27.0,259.0,94,0,1456,90,34,0.1204,Medium
Instagram,Image,9,Fri,6436,18.0,190.0,0,0,231,9,15,0.05174,Low
Instagram,Reel/Video,6,Thu,12068,1.0,59.0,125,0,963,100,76,0.13615,High
X,Image,15,Wed,78351,19.0,268.0,0,0,3073,140,30,0.0465,Low
Instagram,Reel/Video,9,Fri,34302,4.0,198.0,147,1,2984,233,226,0.14031,High
YouTube,Image,6,Tue,4501,21.0,73.0,0,1,207,22,8,0.06954,Low
Facebook,Carousel,0,Thu,5399,12.0,,0,1,240,12,12,0.06223,Low
YouTube,Image,16,Tue,41223,2.0,41.0,0,0,470,54,28,0.01873,Low
Instagram,Image,20,Sat,35527,24.0,401.0,0,0,2641,271,47,0.10384,Medium
X,Reel/Video,20,Fri,4249,25.0,366.0,20,1,580,59,30,0.21346,High
Instagram,Reel/Video,19,Sun,2258,7.0,458.0,74,0,307,29,17,0.21213,High
X,Carousel,13,Mon,953,4.0,286.0,0,0,23,0,0,0.02413,Low
YouTube,Image,20,Mon,24626,17.0,136.0,0,0,1504,141,83,0.0951,Medium
X,Carousel,20,Sun,9497,4.0,292.0,0,1,711,43,17,0.0974,Medium
YouTube,Reel/Video,12,Sun,12738,23.0,121.0,124,0,1364,60,91,0.15693,High
X,Story,4,Thu,60545,14.0,82.0,86,1,5990,281,216,0.1307,High
Instagram,Text,18,Thu,19600,28.0,81.0,0,0,1356,146,104,0.11806,Medium
YouTube,Text,17,Mon,3417,2.0,116.0,0,0,31,3,1,0.01317,Low
Instagram,Text,19,Fri,9577,23.0,21.0,0,1,906,27,70,0.13961,High
Instagram,Image,6,Tue,3501,8.0,45.0,0,0,99,3,5,0.03799,Low
YouTube,Story,0,Thu,2348,21.0,366.0,11,0,204,22,6,0.12777,High
X,Story,6,Fri,19716,18.0,357.0,85,1,1907,39,98,0.12751,High
YouTube,Image,6,Wed,87493,25.0,200.0,0,1,4762,132,208,0.07084,Low
Instagram,Reel/Video,1,Mon,3903,11.0,219.0,42,1,415,18,29,0.15731,High
Instagram,Story,11,Thu,5465,6.0,361.0,79,1,411,26,26,0.11327,Medium
Instagram,Reel/Video,12,Thu,1289,19.0,173.0,80,1,126,6,3,0.12335,High
Instagram,Reel/Video,5,Sun,34563,15.0,457.0,121,1,3421,379,85,0.14417,High
YouTube,Reel/Video,6,Tue,1623,1.0,347.0,130,0,125,6,9,0.11583,Medium
X,Reel/Video,18,Thu,7706,1.0,344.0,61,0,784,91,59,0.17545,High
X,Carousel,4,Sun,29453,0.0,85.0,0,1,1511,101,108,0.07992,Medium
X,Reel/Video,9,Thu,46184,28.0,61.0,14,0,3561,408,283,0.13425,High
Facebook,Reel/Video,3,Mon,15861,8.0,92.0,49,0,1659,181,106,0.17225,High
YouTube,Image,1,Sat,1609,21.0,,0,1,106,5,4,0.08763,Medium
YouTube,Reel/Video,0,Tue,18804,4.0,276.0,129,0,1237,73,33,0.08621,Medium
YouTube,Reel/Video,22,Wed,3756,13.0,303.0,134,1,437,40,29,0.1869,High
Facebook,Text,9,Mon,152997,8.0,464.0,0,1,7226,224,449,0.0663,Low
Facebook,Reel/Video,20,Wed,3120,16.0,343.0,27,1,409,9,28,0.18462,High
Instagram,Story,10,Fri,23475,11.0,457.0,124,0,1634,130,96,0.10667,Medium
Instagram,Image,12,Mon,3799,2.0,259.0,0,0,110,9,3,0.04001,Low
YouTube,Story,11,Wed,5320,19.0,319.0,7,1,579,21,27,0.14605,High
YouTube,Image,8,Sun,34965,1.0,60.0,0,0,1485,130,53,0.0612,Low
Instagram,Carousel,23,Sun,9079,1.0,185.0,0,1,793,66,26,0.12347,High
Instagram,Reel/Video,0,Thu,15067,18.0,263.0,103,1,1278,89,56,0.12113,Medium
YouTube,Story,13,Wed,2497,9.0,365.0,30,1,237,27,17,0.16139,High
YouTube,Text,0,Sun,20513,23.0,469.0,0,0,1041,44,19,0.06181,Low
Instagram,Reel/Video,11,Sat,7642,18.0,428.0,72,0,882,80,43,0.17495,High
YouTube,Carousel,2,Thu,40016,0.0,170.0,0,1,1730,190,62,0.06522,Low
Instagram,Reel/Video,0,Fri,15596,3.0,434.0,172,1,1197,103,26,0.1049,Medium
Instagram,Image,12,Tue,41554,17.0,297.0,0,1,2909,333,150,0.1121,Medium
YouTube,Reel/Video,6,Tue,15080,27.0,89.0,105,1,1395,130,80,0.14489,High
YouTube,Text,23,Thu,11058,13.0,488.0,0,1,675,76,49,0.10382,Medium
YouTube,Text,23,Tue,1574,26.0,78.0,0,1,66,2,2,0.0521,Low
Instagram,Reel/Video,21,Sun,16440,6.0,478.0,150,0,2058,48,137,0.17561,High
Instagram,Text,0,Sun,12163,22.0,291.0,0,1,873,82,34,0.10598,Medium
Instagram,Story,5,Sun,15543,24.0,88.0,122,0,1503,97,24,0.12314,High
YouTube,Image,14,Mon,10444,28.0,441.0,0,0,498,46,14,0.0676,Low
Facebook,Text,2,Tue,5708,10.0,492.0,0,0,271,31,13,0.07516,Low
Instagram,Image,11,Wed,82463,12.0,97.0,0,1,3502,184,226,0.06286,Low
Facebook,Reel/Video,5,Tue,2185,15.0,37.0,30,1,196,14,13,0.13867,High
Facebook,Reel/Video,3,Wed,45838,12.0,487.0,82,1,4326,149,216,0.12769,High
YouTube,Image,20,Thu,7772,26.0,90.0,0,0,480,27,10,0.07862,Medium
YouTube,Text,21,Sun,47522,17.0,410.0,0,0,4379,365,77,0.12329,High
Facebook,Story,20,Sat,3321,17.0,40.0,150,0,478,19,11,0.17766,High
YouTube,Carousel,19,Thu,1970,25.0,91.0,0,1,157,9,12,0.12386,High
X,Carousel,6,Wed,40628,9.0,102.0,0,1,1974,214,53,0.07091,Low
Facebook,Image,12,Wed,2930,1.0,304.0,0,0,25,2,0,0.01058,Low
Instagram,Reel/Video,1,Wed,15233,9.0,193.0,120,0,1308,129,30,0.12112,Medium
X,Text,7,Thu,14049,7.0,267.0,0,0,575,25,20,0.05338,Low
Facebook,Carousel,5,Thu,16458,4.0,31.0,0,1,581,21,23,0.04612,Low
Instagram,Image,12,Thu,5176,21.0,408.0,0,0,264,7,8,0.06279,Low
X,Image,17,Sat,54273,14.0,194.0,0,1,2938,95,205,0.07827,Medium
Facebook,Reel/Video,4,Fri,16163,10.0,181.0,29,0,1385,146,67,0.13351,High
Facebook,Reel/Video,6,Sat,1826,2.0,274.0,152,0,154,8,4,0.10843,Medium
Instagram,Image,18,Fri,25727,26.0,291.0,0,0,1788,104,77,0.09659,Medium
Facebook,Reel/Video,10,Wed,17100,24.0,133.0,72,0,1659,86,97,0.14047,High
Instagram,Reel/Video,10,Sat,5002,26.0,121.0,144,0,420,14,12,0.10436,Medium
Instagram,Reel/Video,19,Sun,12364,26.0,321.0,137,1,1853,181,142,0.25121,High
Instagram,Image,1,Sun,22401,5.0,226.0,0,1,1771,114,63,0.10839,Medium
Instagram,Carousel,19,Mon,19565,14.0,414.0,0,0,1465,152,17,0.10253,Medium
YouTube,Image,11,Sun,11649,23.0,232.0,0,1,572,54,23,0.07288,Low
YouTube,Carousel,22,Wed,17549,,95.0,0,1,1081,79,46,0.08821,Medium
YouTube,Story,22,Mon,13349,1.0,451.0,129,0,1006,28,46,0.09888,Medium
Instagram,Reel/Video,21,Tue,16013,29.0,471.0,12,0,2069,71,67,0.16343,High
YouTube,Reel/Video,19,Fri,9957,25.0,225.0,13,1,1007,46,32,0.13106,High
Facebook,Reel/Video,3,Mon,9774,30.0,73.0,93,1,1261,38,88,0.1857,High
Facebook,Reel/Video,3,Wed,8392,1.0,384.0,180,0,589,27,44,0.10605,Medium
YouTube,Reel/Video,19,Sun,2486,7.0,349.0,94,0,260,19,8,0.1436,High
YouTube,Reel/Video,14,Sat,8817,2.0,410.0,23,1,740,76,16,0.11886,Medium
X,Image,14,Thu,2457,6.0,382.0,0,0,28,2,1,0.01587,Low
X,Reel/Video,22,Sat,5049,10.0,57.0,92,1,633,55,31,0.18875,High
YouTube,Reel/Video,0,Mon,70505,20.0,121.0,9,0,4961,321,253,0.10196,Medium
Instagram,Reel/Video,16,Sun,22785,5.0,53.0,145,1,2415,100,103,0.14176,High
Instagram,Carousel,1,Sat,18288,6.0,119.0,0,0,687,24,16,0.04588,Low
Instagram,Story,16,Sun,18465,20.0,307.0,98,0,1612,115,58,0.12169,High
X,Image,12,Sun,11203,23.0,230.0,0,0,640,25,32,0.0781,Medium
Instagram,Reel/Video,21,Fri,30946,15.0,302.0,85,0,3958,121,273,0.18374,High
X,Reel/Video,21,Wed,11940,1.0,155.0,122,1,1588,99,21,0.16667,High
X,Story,18,Thu,3284,7.0,269.0,104,1,366,26,13,0.15499,High
X,Carousel,0,Fri,4856,9.0,333.0,0,0,170,12,9,0.05169,Low
Instagram,Story,17,Wed,57581,4.0,477.0,75,0,4822,328,67,0.10665,Medium
Instagram,Reel/Video,21,Sun,11936,24.0,68.0,50,0,1563,130,23,0.17326,High
Instagram,Carousel,4,Fri,3700,3.0,140.0,0,0,65,3,3,0.02405,Low
Instagram,Reel/Video,14,Wed,62434,19.0,139.0,53,1,6405,221,394,0.14476,High
YouTube,Image,14,Fri,10757,5.0,50.0,0,1,332,9,3,0.03477,Low
Facebook,Image,4,Mon,8186,24.0,111.0,0,1,494,22,19,0.08001,Medium
X,Reel/Video,15,Sun,24211,28.0,78.0,106,1,3223,370,55,0.19033,High
YouTube,Image,8,Wed,161511,9.0,29.0,0,0,3597,94,144,0.02847,Low
Instagram,Text,21,Wed,16276,13.0,316.0,0,1,1456,63,56,0.11827,Medium
YouTube,Reel/Video,9,Mon,10369,15.0,274.0,70,0,914,28,36,0.11361,Medium
YouTube,Image,19,Sat,12171,27.0,182.0,0,0,1081,40,56,0.12168,High
Instagram,Carousel,9,Sun,10027,25.0,144.0,0,1,859,27,61,0.12416,High
YouTube,Reel/Video,0,Tue,74865,8.0,392.0,153,1,7458,257,390,0.13596,High
Instagram,Reel/Video,21,Thu,25691,11.0,362.0,153,1,3279,207,191,0.18898,High
X,Reel/Video,13,Tue,2989,24.0,482.0,134,1,325,22,14,0.15423,High
YouTube,Reel/Video,7,Sun,6070,6.0,,40,1,552,40,17,0.12471,High
X,Carousel,15,Wed,27740,15.0,137.0,0,1,703,77,38,0.04052,Low
YouTube,Reel/Video,5,Tue,9335,8.0,20.0,116,1,782,66,43,0.12801,High
Instagram,Reel/Video,1,Fri,9040,24.0,396.0,119,1,650,38,19,0.09502,Medium
YouTube,Reel/Video,15,Wed,23524,11.0,351.0,97,1,2310,249,41,0.13867,High
Facebook,Reel/Video,20,Fri,1079,25.0,68.0,98,1,156,6,6,0.18906,High
Instagram,Image,1,Sun,24605,29.0,153.0,0,1,1406,162,92,0.09559,Medium
Facebook,Image,12,Sat,4211,,394.0,0,0,223,22,14,0.08525,Medium
YouTube,Text,10,Mon,16776,1.0,306.0,0,0,318,19,3,0.02325,Low
Instagram,Text,7,Thu,68562,29.0,142.0,0,0,3159,88,98,0.05707,Low
Facebook,Story,14,Tue,3467,10.0,296.0,171,0,308,11,11,0.11422,Medium
YouTube,Reel/Video,21,Sat,10390,26.0,302.0,44,0,1239,106,54,0.17584,High
Instagram,Image,4,Thu,5404,11.0,179.0,0,1,232,15,18,0.06791,Low
YouTube,Text,11,Mon,29799,7.0,269.0,0,1,1161,28,15,0.0443,Low
YouTube,Reel/Video,15,Fri,12192,4.0,167.0,166,0,667,16,25,0.0689,Low
Instagram,Text,7,Mon,23832,11.0,457.0,0,0,864,57,24,0.04846,Low
Facebook,Reel/Video,7,Thu,16329,30.0,,84,0,1935,38,108,0.15855,High
Facebook,Image,15,Tue,1785,15.0,484.0,0,0,38,3,2,0.03193,Low
Facebook,Image,9,Sat,9059,0.0,250.0,0,0,356,14,18,0.05387,Low
Facebook,Reel/Video,4,Wed,4265,10.0,337.0,120,1,340,10,10,0.09848,Medium
Instagram,Carousel,23,Wed,44704,27.0,149.0,0,1,1919,154,33,0.05695,Low
Instagram,Image,17,Sat,4933,3.0,54.0,0,0,259,9,19,0.07723,Medium
Instagram,Image,3,Sun,3500,30.0,387.0,0,1,241,19,12,0.10229,Medium
YouTube,Image,7,Fri,34390,4.0,330.0,0,1,1458,157,93,0.06961,Low
Facebook,Carousel,0,Wed,1477,28.0,170.0,0,1,74,7,3,0.07448,Low
Instagram,Text,1,Thu,2995,4.0,403.0,0,0,86,4,4,0.0394,Low
Instagram,Reel/Video,18,Sat,3312,23.0,370.0,178,0,453,48,28,0.22252,High
Instagram,Reel/Video,10,Thu,7152,8.0,325.0,179,0,506,46,5,0.09354,Medium
Instagram,Story,2,Sat,6753,0.0,495.0,171,1,760,24,18,0.13653,High
YouTube,Text,10,Tue,5007,0.0,356.0,0,0,89,6,5,0.02636,Low
YouTube,Carousel,15,Sun,5696,1.0,348.0,0,0,163,16,11,0.0467,Low
Instagram,Reel/Video,13,Thu,1281,5.0,369.0,75,1,123,12,3,0.13583,High
Facebook,Reel/Video,11,Mon,17258,16.0,80.0,85,1,1926,132,125,0.17076,High
X,Image,1,Sun,3894,12.0,14.0,0,0,154,9,3,0.05033,Low
YouTube,Image,0,Thu,2358,29.0,401.0,0,1,93,7,3,0.05471,Low
X,Text,7,Sat,6152,,,0,1,561,46,38,0.14451,High
YouTube,Reel/Video,22,Thu,3985,14.0,36.0,47,0,562,24,14,0.17666,High
Instagram,Image,5,Sat,1297,17.0,119.0,0,0,77,8,3,0.08944,Medium
Instagram,Story,2,Thu,5785,7.0,336.0,119,1,475,34,13,0.11098,Medium
Instagram,Image,3,Wed,29283,2.0,492.0,0,0,957,92,19,0.04535,Low
Instagram,Story,18,Mon,9451,26.0,375.0,69,0,994,103,76,0.17808,High
Facebook,Image,7,Tue,43743,17.0,,0,1,3079,248,89,0.09757,Medium
YouTube,Carousel,8,Tue,20597,25.0,260.0,0,0,438,32,13,0.02908,Low
YouTube,Carousel,14,Thu,1299,24.0,23.0,0,1,86,5,5,0.097,Medium
X,Image,3,Wed,4839,6.0,452.0,0,1,239,22,12,0.07543,Low
X,Carousel,2,Mon,9473,2.0,421.0,0,1,347,37,23,0.06049,Low
Instagram,Story,2,Tue,5296,5.0,133.0,120,0,335,33,19,0.09989,Medium
YouTube,Reel/Video,14,Thu,12888,25.0,368.0,129,0,1097,40,39,0.10956,Medium
YouTube,Reel/Video,11,Thu,58426,30.0,34.0,96,1,5864,368,292,0.14425,High
Instagram,Image,11,Sat,19363,22.0,250.0,0,1,1531,90,51,0.10618,Medium
Instagram,Image,21,Sat,17327,8.0,422.0,0,1,1621,53,86,0.12755,High
X,Text,1,Mon,3381,14.0,384.0,0,0,139,15,7,0.06477,Low
YouTube,Image,8,Fri,3352,25.0,223.0,0,1,127,12,9,0.06205,Low
YouTube,Image,6,Wed,3885,4.0,437.0,0,0,163,16,10,0.06718,Low
YouTube,Reel/Video,17,Sat,2999,22.0,401.0,160,1,352,29,19,0.17806,High
Instagram,Carousel,5,Tue,12268,19.0,164.0,0,1,721,30,49,0.08608,Medium
X,Carousel,9,Sun,2412,12.0,480.0,0,0,48,3,3,0.02985,Low
YouTube,Reel/Video,12,Sun,5065,16.0,274.0,100,0,483,22,33,0.14097,High
X,Carousel,19,Tue,12053,16.0,407.0,0,1,670,47,26,0.07807,Medium
Instagram,Image,7,Tue,6827,13.0,248.0,0,1,439,41,16,0.09404,Medium
Facebook,Image,3,Sat,8136,18.0,132.0,0,0,544,59,37,0.11136,Medium
Instagram,Reel/Video,19,Fri,92356,23.0,217.0,129,1,9587,630,560,0.15459,High
Instagram,Reel/Video,21,Thu,3768,12.0,404.0,87,0,328,8,19,0.11863,Medium
Instagram,Carousel,11,Thu,3609,4.0,78.0,0,1,126,10,7,0.05292,Low
YouTube,Image,21,Sat,4077,17.0,,0,0,380,39,25,0.15256,High
Instagram,Reel/Video,5,Mon,10656,4.0,389.0,44,1,900,76,32,0.12087,Medium
Instagram,Image,11,Thu,15700,29.0,421.0,0,0,502,57,22,0.04987,Low
Instagram,Text,5,Thu,27267,22.0,445.0,0,0,1198,102,46,0.06359,Low
Instagram,Reel/Video,12,Tue,2060,12.0,315.0,138,1,182,7,7,0.11553,Medium
YouTube,Reel/Video,18,Sat,4958,12.0,408.0,18,1,628,31,22,0.16761,High
YouTube,Carousel,19,Fri,16664,7.0,276.0,0,1,1229,43,84,0.1067,Medium
Instagram,Carousel,16,Thu,41173,16.0,364.0,0,0,2322,262,144,0.09297,Medium
YouTube,Image,7,Sat,23752,18.0,444.0,0,1,1448,32,79,0.08164,Medium
X,Image,10,Sun,25841,17.0,261.0,0,1,1844,124,61,0.09756,Medium
YouTube,Reel/Video,8,Fri,8069,,95.0,23,0,671,23,10,0.09791,Medium
Facebook,Text,21,Wed,82124,2.0,140.0,0,1,3648,299,287,0.07282,Low
Instagram,Story,22,Wed,1778,26.0,470.0,63,1,230,14,8,0.17548,High
Facebook,Carousel,6,Mon,3926,28.0,272.0,0,1,173,17,7,0.06597,Low
Instagram,Image,9,Mon,21979,6.0,470.0,0,1,1050,47,34,0.06192,Low
Instagram,Carousel,15,Mon,18936,9.0,388.0,0,0,958,102,40,0.07731,Medium
X,Reel/Video,6,Fri,59038,11.0,264.0,56,0,4259,298,226,0.10642,Medium
YouTube,Image,17,Mon,120562,28.0,424.0,0,1,4717,438,282,0.06172,Low
Instagram,Image,9,Mon,11656,3.0,484.0,0,1,558,11,22,0.06014,Low
YouTube,Carousel,19,Tue,52652,9.0,334.0,0,1,2239,126,173,0.06613,Low
Instagram,Text,19,Thu,22158,18.0,277.0,0,1,2075,168,144,0.14889,High
X,Text,14,Sun,14679,23.0,184.0,0,1,1221,131,13,0.11438,Medium
Instagram,Image,3,Tue,8504,16.0,180.0,0,1,570,26,19,0.08737,Medium
Instagram,Image,2,Mon,13576,30.0,489.0,0,0,542,13,23,0.05127,Low
X,Reel/Video,13,Mon,3346,30.0,145.0,177,0,237,26,3,0.09863,Medium
Instagram,Image,10,Wed,13063,7.0,286.0,0,0,498,29,20,0.05244,Low
Instagram,Reel/Video,20,Thu,469,28.0,407.0,60,1,62,2,0,0.14499,High
Instagram,Reel/Video,10,Fri,3455,0.0,12.0,39,1,311,7,24,0.13082,High
X,Image,4,Sat,25178,0.0,28.0,0,0,232,4,9,0.01148,Low
YouTube,Carousel,3,Tue,5415,24.0,228.0,0,1,177,12,12,0.05042,Low
Facebook,Carousel,9,Thu,13559,11.0,61.0,0,0,582,52,27,0.06439,Low
Facebook,Reel/Video,15,Sun,4588,22.0,316.0,170,0,497,34,34,0.16761,High
Instagram,Image,10,Wed,13063,7.0,286.0,0,0,498,29,20,0.05244,Low
Instagram,Text,18,Wed,1715,25.0,88.0,0,1,154,18,11,0.15335,High
YouTube,Text,20,Sun,4164,13.0,,0,1,418,41,26,0.16114,High
Facebook,Reel/Video,7,Mon,33496,3.0,333.0,142,1,3421,159,202,0.14652,High
YouTube,Carousel,4,Sun,5855,29.0,365.0,0,0,192,4,3,0.0374,Low
Instagram,Carousel,6,Sat,10209,1.0,250.0,0,1,389,38,15,0.05662,Low
Instagram,Carousel,14,Tue,5848,13.0,368.0,0,1,387,45,11,0.09867,Medium
Instagram,Text,15,Tue,8839,0.0,166.0,0,0,116,9,8,0.0207,Low
Facebook,Image,5,Fri,5530,14.0,267.0,0,1,306,20,13,0.07794,Medium
YouTube,Reel/Video,17,Thu,4889,1.0,313.0,154,1,381,8,20,0.10329,Medium
Facebook,Image,9,Sun,34287,22.0,155.0,0,0,973,23,33,0.0352,Low
Instagram,Carousel,7,Wed,44901,24.0,387.0,0,1,3098,271,147,0.10347,Medium
Instagram,Reel/Video,9,Wed,15782,8.0,48.0,26,0,943,86,45,0.09036,Medium
Facebook,Image,2,Fri,3776,8.0,305.0,0,1,147,16,3,0.05561,Low
Instagram,Reel/Video,1,Sun,6468,5.0,401.0,143,1,480,18,6,0.0872,Medium
Facebook,Image,19,Tue,81240,19.0,488.0,0,1,8279,449,320,0.13818,High
Instagram,Reel/Video,23,Sat,20993,10.0,29.0,23,0,1617,154,52,0.11142,Medium
Facebook,Text,18,Mon,1428,26.0,45.0,0,1,142,8,1,0.11975,Medium
Instagram,Text,4,Thu,15630,20.0,403.0,0,1,932,30,24,0.07306,Low
YouTube,Reel/Video,8,Thu,18358,17.0,497.0,30,0,1627,49,119,0.12904,High
Facebook,Reel/Video,18,Wed,25104,20.0,36.0,82,0,2869,119,33,0.13508,High
X,Reel/Video,7,Thu,17329,16.0,288.0,144,1,1697,56,80,0.13071,High
X,Reel/Video,1,Mon,1675,30.0,420.0,107,0,128,11,6,0.11403,Medium
Facebook,Image,11,Mon,2329,6.0,491.0,0,1,71,6,5,0.04895,Low
YouTube,Image,10,Sat,5443,30.0,215.0,0,0,283,15,4,0.06394,Low
Instagram,Story,16,Sun,23739,23.0,365.0,120,0,2165,211,73,0.13324,High
X,Image,11,Mon,6782,0.0,279.0,0,0,33,3,1,0.00693,Low
YouTube,Carousel,21,Sun,4561,8.0,238.0,0,1,381,42,17,0.1298,High
YouTube,Image,8,Thu,5467,19.0,195.0,0,0,174,8,6,0.0417,Low
X,Reel/Video,6,Mon,22032,16.0,336.0,123,0,1706,59,90,0.10589,Medium
Facebook,Text,7,Tue,1961,10.0,324.0,0,0,61,5,4,0.04895,Low
Instagram,Image,23,Fri,13968,16.0,141.0,0,0,762,41,58,0.08412,Medium
YouTube,Carousel,23,Thu,11734,14.0,361.0,0,0,472,12,10,0.04755,Low
YouTube,Reel/Video,10,Tue,6192,19.0,406.0,125,1,570,42,29,0.13582,High
YouTube,Carousel,19,Fri,48567,28.0,39.0,0,1,2491,184,156,0.07872,Medium
YouTube,Text,4,Thu,4589,16.0,277.0,0,0,257,19,13,0.08259,Medium
Facebook,Carousel,19,Wed,10144,11.0,123.0,0,1,777,40,43,0.10962,Medium
X,Carousel,1,Tue,3436,9.0,141.0,0,1,189,6,11,0.07625,Low
Facebook,Reel/Video,12,Fri,19410,1.0,26.0,46,1,1446,128,113,0.12339,High
X,Image,6,Mon,21731,15.0,412.0,0,1,253000,46,71,0.06728,Low
YouTube,Carousel,3,Wed,32431,,297.0,0,0,1025,50,54,0.04456,Low
Instagram,Reel/Video,22,Sun,7945,18.0,167.0,82,1,1086,43,25,0.16866,High
YouTube,Reel/Video,8,Wed,22664,10.0,393.0,133,1,2556,127,116,0.15518,High
YouTube,Text,13,Thu,4858,14.0,353.0,0,0,153,3,8,0.04158,Low
Instagram,Image,3,Thu,10109,4.0,176.0,0,0,233,9,15,0.03314,Low
X,Reel/Video,11,Tue,12103,22.0,334.0,130,0,1001,47,40,0.11088,Medium
Facebook,Carousel,11,Sun,1284,23.0,22.0,0,1,111,11,1,0.11604,Medium
X,Image,15,Tue,21929,26.0,24.0,0,1,1381,92,58,0.08879,Medium
YouTube,Image,13,Sat,30354,11.0,232.0,0,1,1905,190,117,0.10081,Medium
Facebook,Reel/Video,17,Tue,26248,12.0,79.0,96,1,2548,218,134,0.14752,High
YouTube,Image,10,Sat,2090,18.0,401.0,0,1,120,4,4,0.07273,Low
YouTube,Reel/Video,3,Thu,3175,8.0,165.0,12,1,328,28,16,0.15496,High
Instagram,Text,9,Fri,11689,9.0,323.0,0,0,559,23,29,0.06613,Low
Facebook,Reel/Video,21,Fri,23112,11.0,465.0,90,0,2026,241,140,0.14923,High
Instagram,Reel/Video,0,Sat,16576,20.0,104.0,94,1,1794,72,137,0.16258,High
YouTube,Carousel,17,Thu,3148,20.0,143.0,0,0,110,6,1,0.04225,Low
Instagram,Image,20,Sat,19591,3.0,,0,1,1582,136,124,0.13322,High
X,Carousel,2,Sat,5977,8.0,403.0,0,0,311,28,17,0.08031,Medium
Facebook,Carousel,19,Fri,10176,15.0,290.0,0,0,629,55,42,0.09866,Medium
YouTube,Story,16,Sun,16894,16.0,28.0,98,0,1786,160,98,0.16313,High
YouTube,Reel/Video,4,Sat,86931,7.0,104.0,163,0,6875,767,429,0.13023,High
Instagram,Carousel,7,Wed,7286,23.0,10.0,0,1,533,42,9,0.09662,Medium
Facebook,Reel/Video,19,Mon,35522,14.0,284.0,32,0,2957,245,59,0.11224,Medium
YouTube,Story,3,Mon,6864,18.0,,20,1,684,19,41,0.13782,High
X,Reel/Video,14,Tue,15827,26.0,408.0,111,0,1625,55,91,0.14185,High
X,Image,16,Mon,16786,0.0,386.0,0,1,542,50,30,0.05016,Low
YouTube,Reel/Video,3,Tue,8182,9.0,479.0,44,0,615,57,27,0.11256,Medium
X,Reel/Video,1,Sat,9813,7.0,400.0,126,0,1038,36,21,0.12748,High
YouTube,Carousel,13,Mon,57068,12.0,113.0,0,0,2100,198,131,0.05868,Low
Facebook,Reel/Video,7,Thu,14035,19.0,72.0,46,0,1258,37,49,0.115,Medium
X,Carousel,21,Fri,19198,15.0,291.0,0,1,1296,101,80,0.10413,Medium
Facebook,Reel/Video,3,Mon,6057,26.0,410.0,167,1,536,33,35,0.13373,High
X,Carousel,0,Thu,31150,12.0,305.0,0,0,383,8,8,0.01435,Low
Instagram,Reel/Video,16,Sat,9325,21.0,146.0,20,0,1024,88,70,0.17566,High
YouTube,Carousel,16,Thu,8046,28.0,391.0,0,0,178,14,10,0.03356,Low
Instagram,Reel/Video,8,Fri,31585,4.0,490.0,55,0,2352,196,57,0.10211,Medium
Facebook,Image,2,Fri,6838,13.0,257.0,0,0,184,7,10,0.03729,Low
YouTube,Image,5,Tue,41834,4.0,184.0,0,1,2027,148,66,0.06696,Low
X,Carousel,14,Sun,10642,5.0,324.0,0,0,524,18,7,0.0576,Low
Instagram,Image,14,Mon,10659,23.0,211.0,0,0,423,10,15,0.04954,Low
YouTube,Image,12,Mon,9266,11.0,64.0,0,0,205,21,14,0.03648,Low
YouTube,Image,4,Sun,3948,17.0,305.0,0,1,281,18,22,0.11272,Medium
X,Reel/Video,21,Tue,15022,14.0,119.0,162,1,1648,57,93,0.15204,High
Instagram,Text,18,Thu,7704,11.0,352.0,0,1,474,21,5,0.07295,Low
YouTube,Image,0,Thu,57920,6.0,86.0,0,0,851,45,49,0.02125,Low
Instagram,Story,11,Fri,26558,9.0,202.0,73,0,1659,57,50,0.07832,Medium
YouTube,Carousel,22,Fri,4967,7.0,333.0,0,0,222,5,13,0.0608,Low
Facebook,Reel/Video,2,Tue,5515,3.0,500.0,54,1,390,29,20,0.10462,Medium
Instagram,Reel/Video,4,Fri,2966,11.0,161.0,165,1,344,14,7,0.14194,High
Instagram,Reel/Video,1,Sat,18158,15.0,302.0,44,0,2161,165,97,0.17298,High
X,Reel/Video,20,Wed,5322,26.0,368.0,82,1,826,74,51,0.24483,High
Instagram,Text,9,Sun,149659,15.0,321.0,0,1,9264,663,199,0.08184,Medium
Instagram,Carousel,13,Sat,3221,19.0,92.0,0,1,265,7,2,0.0919,Medium
Instagram,Image,18,Sun,7905,0.0,256.0,0,1,773,22,24,0.12132,High
Instagram,Image,5,Tue,10081,28.0,273.0,0,0,419,24,7,0.05218,Low
Instagram,Reel/Video,22,Tue,18838,13.0,200.0,52,0,1691,194,18,0.12544,High
Instagram,Carousel,12,Thu,4743,9.0,88.0,0,0,176,13,12,0.05798,Low
Instagram,Reel/Video,16,Mon,88807,13.0,460.0,51,1,10413,1224,681,0.19694,High
YouTube,Reel/Video,20,Sun,30154,5.0,429.0,13,0,3858,251,245,0.19354,High
X,Image,21,Wed,5073,2.0,275.0,0,0,293,32,19,0.09541,Medium
YouTube,Reel/Video,17,Sat,1998,19.0,261.0,174,1,245,19,13,0.18368,High
Instagram,Reel/Video,7,Thu,20488,2.0,177.0,131,0,1634,54,38,0.09693,Medium
YouTube,Image,14,Fri,10757,5.0,50.0,0,1,332,9,3,0.03477,Low
X,Reel/Video,16,Fri,16533,2.0,451.0,171,0,940,51,66,0.08607,Medium
Instagram,Carousel,1,Mon,4074,16.0,152.0,0,0,89,4,3,0.02847,Low
X,Reel/Video,23,Fri,3116,17.0,136.0,33,0,296,11,22,0.14089,High
YouTube,Image,7,Wed,7943,4.0,385.0,0,0,116,8,6,0.0214,Low
X,Story,14,Tue,12947,26.0,57.0,74,1,1346,42,69,0.14034,High
Instagram,Carousel,7,Wed,3532,4.0,456.0,0,0,83,3,3,0.03029,Low
Instagram,Reel/Video,19,Mon,3292,25.0,281.0,126,0,323,16,19,0.14156,High
YouTube,Carousel,11,Fri,37531,2.0,197.0,0,1,1433,54,53,0.04956,Low
Facebook,Image,21,Sun,28620,0.0,290.0,0,0,2277,115,39,0.09843,Medium
Facebook,Reel/Video,3,Sat,11551,22.0,396.0,50,0,1287,97,95,0.17773,High
YouTube,Carousel,0,Tue,10246,14.0,395.0,0,0,429,31,33,0.06705,Low
Instagram,Story,1,Sun,4327,12.0,282.0,58,0,407,11,22,0.12711,High
Facebook,Image,21,Tue,13708,4.0,286.0,0,0,644,36,49,0.07273,Low
Facebook,Image,2,Thu,60912,12.0,183.0,0,1,2862,171,158,0.06838,Low
YouTube,Reel/Video,0,Sat,3073,9.0,109.0,10,0,305,12,14,0.13375,High
YouTube,Carousel,22,Sun,2471,25.0,,0,1,184,9,9,0.1036,Medium
Instagram,Text,14,Thu,15022,8.0,362.0,0,1,862,51,17,0.07323,Low
Instagram,Reel/Video,10,Thu,23270,20.0,273.0,79,1,2681,249,84,0.16536,High
Instagram,Reel/Video,5,Wed,16429,28.0,469.0,131,0,1111,51,50,0.09215,Medium
Instagram,Reel/Video,15,Sun,4239,27.0,426.0,48,1,536,50,35,0.20311,High
YouTube,Carousel,5,Thu,14047,4.0,478.0,0,0,156,5,3,0.01324,Low
X,Reel/Video,19,Tue,3434,28.0,51.0,36,0,326,26,11,0.13366,High
Instagram,Text,7,Sun,70557,3.0,192.0,0,1,4971,483,314,0.11324,Medium
Instagram,Text,2,Mon,91569,8.0,153.0,0,1,5992,541,449,0.10768,Medium
YouTube,Reel/Video,0,Sat,13777,4.0,171.0,16,0,1230,107,96,0.14742,High
Instagram,Reel/Video,20,Sun,6644,22.0,94.0,61,0,784,57,51,0.18212,High
YouTube,Reel/Video,13,Mon,12275,7.0,479.0,37,0,950,37,58,0.11006,Medium
YouTube,Image,17,Tue,17875,7.0,311.0,0,0,282,18,3,0.01964,Low
YouTube,Image,11,Tue,12027,1.0,153.0,0,1,668,67,48,0.09221,Medium
Instagram,Carousel,0,Wed,267229,12.0,137.0,0,0,11255,1109,211,0.05852,Low
Instagram,Image,12,Fri,3972,21.0,194.0,0,0,153,11,5,0.05312,Low
YouTube,Image,17,Sat,1771,,,0,1,90,3,3,0.06437,Low
Facebook,Reel/Video,9,Sun,68428,28.0,296.0,70,0,7763,650,377,0.16949,High
Instagram,Reel/Video,2,Tue,8529,16.0,320.0,101,1,844,69,36,0.14433,High
Instagram,Reel/Video,0,Tue,1162,28.0,447.0,79,1,148,13,10,0.20396,High
Instagram,Text,7,Mon,3864,24.0,98.0,0,1,269,17,16,0.10352,Medium
Instagram,Reel/Video,1,Sat,6240,29.0,245.0,94,1,653,32,9,0.12724,High
Instagram,Story,18,Fri,26704,20.0,299.0,136,1,3685,276,101,0.18791,High
Instagram,Carousel,15,Mon,58566,3.0,97.0,0,0,1354,66,92,0.03435,Low
Instagram,Image,2,Wed,1602,0.0,444.0,0,1,52,4,0,0.03995,Low
Facebook,Image,9,Tue,1074,24.0,444.0,0,1,52,3,0,0.0568,Low
Facebook,Reel/Video,16,Fri,1111,27.0,371.0,102,1,145,5,1,0.14851,High
Instagram,Text,7,Sat,27671,13.0,123.0,0,1,1937,122,86,0.09877,Medium
X,Reel/Video,14,Sat,6986,0.0,332.0,133,1,726,25,28,0.1347,High
X,Reel/Video,3,Wed,3139,1.0,406.0,141,1,196,7,11,0.08665,Medium
Instagram,Image,8,Thu,34023,15.0,118.0,0,1,2028,190,33,0.08121,Medium
YouTube,Story,16,Sun,9390,0.0,189.0,70,1,959,79,76,0.16784,High
X,Text,10,Sun,15456,16.0,480.0,0,0,509,10,14,0.0394,Low
Facebook,Image,19,Fri,12450,13.0,271.0,0,0,710,23,22,0.07141,Low
YouTube,Story,21,Fri,3313,21.0,481.0,125,0,302,18,8,0.11953,Medium
Instagram,Image,22,Wed,10181,15.0,65.0,0,0,628,74,21,0.0938,Medium
Instagram,Text,18,Thu,7704,11.0,352.0,0,1,474,21,5,0.07295,Low
X,Carousel,15,Thu,88440,18.0,85.0,0,0,2540,189,125,0.0422,Low
Instagram,Text,6,Thu,8714,23.0,243.0,0,0,482,41,24,0.0832,Medium
Instagram,Image,13,Wed,12338,17.0,35.0,0,0,482,42,25,0.05941,Low
YouTube,Text,8,Tue,15060,,22.0,0,1,805,57,20,0.07145,Low
Instagram,Reel/Video,9,Wed,5505,23.0,46.0,42,0,420,45,12,0.11172,Medium
X,Image,6,Sun,13598,10.0,245.0,0,1,1019,42,31,0.0956,Medium
YouTube,Text,6,Tue,11932,6.0,216.0,0,1,446,25,30,0.05624,Low
X,Story,7,Fri,3707,4.0,98.0,135,0,232,11,6,0.07958,Medium
Instagram,Reel/Video,12,Thu,5847,17.0,333.0,114,1,686,68,20,0.16932,High
Facebook,Carousel,19,Thu,79612,14.0,466.0,0,0,4536,187,240,0.0791,Medium
YouTube,Image,1,Tue,20873,2.0,166.0,0,0,770,53,45,0.05529,Low
YouTube,Image,23,Sun,23422,27.0,473.0,0,1,1194,50,58,0.06976,Low
Instagram,Text,20,Thu,15820,23.0,481.0,0,1,1337,77,66,0.11997,Medium
Instagram,Carousel,4,Tue,36919,9.0,85.0,0,1,1800,174,41,0.06845,Low
X,Reel/Video,12,Fri,19049,0.0,281.0,126,0,923,45,68,0.07339,Low
Instagram,Carousel,19,Tue,4041,17.0,429.0,0,1,416,41,18,0.15565,High
Instagram,Image,16,Mon,8542,6.0,458.0,0,1,363,7,26,0.06017,Low
YouTube,Carousel,11,Tue,4403,25.0,450.0,0,1,300,33,19,0.1122,Medium
X,Reel/Video,4,Mon,57930,13.0,389.0,39,0,3430,255,200,0.08968,Medium
Instagram,Image,19,Thu,13353,18.0,65.0,0,0,874,54,47,0.09518,Medium
Instagram,Story,18,Sat,3341,11.0,267.0,137,1,498,58,21,0.23257,High
Facebook,Reel/Video,11,Mon,8665,3.0,416.0,37,0,557,51,41,0.1056,Medium
Instagram,Reel/Video,5,Mon,63776,3.0,69.0,105,1,6292,521,307,0.14723,High
YouTube,Image,23,Thu,6675,4.0,360.0,0,1,329,31,23,0.08045,Medium
X,Reel/Video,20,Fri,23891,3.0,63.0,152,0,2490,225,188,0.17182,High
Instagram,Story,8,Mon,21250,7.0,487.0,121,1,2153,124,118,0.14659,High
Instagram,Image,17,Wed,18335,22.0,81.0,0,1,1097,82,19,0.07843,Medium
Instagram,Image,17,Thu,3350,1.0,226.0,0,0,94,5,5,0.04,Low
Instagram,Story,12,Thu,10417,28.0,39.0,142,0,591,21,13,0.06902,Low
YouTube,Reel/Video,6,Sat,28285,2.0,118.0,57,1,2539,216,26,0.11727,Medium
Instagram,Carousel,23,Sun,19665,19.0,21.0,0,0,796,56,53,0.0625,Low
Instagram,Reel/Video,6,Sun,3748,3.0,33.0,79,1,356,17,3,0.11259,Medium
Instagram,Reel/Video,8,Mon,36216,2.0,70.0,44,1,3042,167,123,0.11481,Medium
Instagram,Reel/Video,19,Tue,15428,14.0,10.0,66,1,2295,162,150,0.22887,High
Instagram,Carousel,19,Sat,6456,12.0,140.0,0,0,619,49,22,0.13569,High
Facebook,Carousel,6,Sat,10738,23.0,253.0,0,0,570,66,31,0.08596,Medium
Instagram,Image,9,Sun,2931,25.0,265.0,0,1,205,19,11,0.10815,Medium
YouTube,Reel/Video,18,Tue,3814,12.0,389.0,98,1,398,27,5,0.13214,High
Instagram,Reel/Video,3,Sun,7877,23.0,467.0,99,0,940,47,63,0.17722,High
Instagram,Image,23,Mon,11995,7.0,435.0,0,0,322,13,8,0.03343,Low
Instagram,Story,20,Fri,14583,0.0,325.0,170,1,1534,182,64,0.16458,High
Instagram,Image,10,Fri,5901,12.0,72.0,0,0,188,14,11,0.0483,Low
X,Image,19,Tue,7402,21.0,87.0,0,1,588,46,46,0.12915,High
Facebook,Reel/Video,13,Tue,38178,13.0,356.0,31,1,4753,203,123,0.15656,High
X,Carousel,18,Thu,59316,10.0,262.0,0,0,3103,181,53,0.06593,Low
X,Carousel,23,Sun,4397,13.0,204.0,0,0,240,10,8,0.0705,Low
Facebook,Reel/Video,12,Thu,1660,0.0,354.0,117,0,94,6,6,0.08554,Medium
Instagram,Carousel,0,Mon,18286,23.0,337.0,0,1,1080,122,59,0.09521,Medium
Facebook,Reel/Video,20,Wed,18521,29.0,339.0,78,0,1861,78,105,0.14146,High
Instagram,Reel/Video,5,Fri,14701,20.0,352.0,94,0,741,83,29,0.07721,Medium
YouTube,Reel/Video,20,Mon,22572,1.0,56.0,167,0,2721,274,55,0.16915,High
YouTube,Carousel,14,Sat,9984,19.0,43.0,0,1,857,32,40,0.11548,Medium
X,Text,17,Wed,86888,19.0,202.0,0,0,4163,413,200,0.07368,Low
X,Reel/Video,4,Thu,11063,27.0,320.0,17,0,884,47,52,0.11615,Medium
Instagram,Carousel,0,Thu,38741,28.0,106.0,0,0,1586,57,71,0.05452,Low
X,Reel/Video,18,Tue,8255,25.0,259.0,88,1,1186,96,54,0.21127,High
X,Reel/Video,3,Mon,8483,21.0,33.0,79,0,867,43,27,0.13333,High
Instagram,Image,5,Tue,48097,10.0,223.0,0,1,1425,124,68,0.04443,Low
Instagram,Reel/Video,13,Tue,16829,10.0,39.0,90,0,1431,66,53,0.11254,Medium
X,Carousel,9,Wed,15159,28.0,338.0,0,0,100,7,5,0.00963,Low
Facebook,Reel/Video,12,Tue,15407,30.0,186.0,82,0,1296,60,96,0.12696,High
Instagram,Carousel,0,Thu,15080,10.0,495.0,0,0,266,12,7,0.02235,Low
YouTube,Image,1,Sat,6058,13.0,173.0,0,0,286,10,18,0.06702,Low
Instagram,Text,4,Sat,7415,5.0,135.0,0,1,444,26,9,0.07647,Medium
Instagram,Text,8,Thu,4404,2.0,300.0,0,0,37,2,0,0.00976,Low
Instagram,Reel/Video,14,Thu,9034,4.0,284.0,68,0,643,48,10,0.09265,Medium
Instagram,Story,6,Sat,8317,30.0,100.0,27,0,730,61,34,0.13022,High
YouTube,Story,19,Mon,5938,8.0,363.0,149,1,593,33,45,0.15443,High
YouTube,Text,15,Wed,25102,24.0,186.0,0,1,1759,70,38,0.08601,Medium
Instagram,Carousel,9,Wed,47792,25.0,,0,0,1519,109,28,0.04156,Low
Instagram,Image,1,Fri,9447,0.0,126.0,0,0,140,14,9,0.02403,Low
X,Carousel,4,Tue,10120,13.0,442.0,0,0,145,14,2,0.01947,Low
YouTube,Reel/Video,14,Sat,2944,6.0,255.0,155,1,290,16,18,0.14538,High
YouTube,Text,6,Sat,1176,28.0,170.0,0,1,72,3,1,0.07313,Low
YouTube,Reel/Video,4,Thu,7179,4.0,362.0,80,0,627,45,24,0.12286,High
YouTube,Reel/Video,7,Tue,4413,20.0,408.0,26,1,364,7,26,0.1167,Medium
Instagram,Image,4,Fri,3779,20.0,418.0,0,1,186,11,5,0.06457,Low
X,Text,14,Sun,16190,18.0,253.0,0,1,1420,123,64,0.13027,High
YouTube,Story,14,Sat,8910,9.0,107.0,126,1,1232,38,17,0.16061,High
Facebook,Image,9,Wed,6417,24.0,42.0,0,1,397,42,6,0.08618,Medium
Instagram,Image,10,Mon,9533,3.0,,0,1,310,18,24,0.05077,Low
Instagram,Image,6,Sun,3229,3.0,36.0,0,0,96,4,6,0.04274,Low
X,Image,15,Fri,5233,29.0,225.0,0,0,233,19,14,0.06879,Low
Instagram,Story,13,Sun,5599,24.0,256.0,45,1,736,57,52,0.20843,High
Facebook,Carousel,11,Thu,15808,24.0,36.0,0,1,1096,87,41,0.09881,Medium
YouTube,Image,1,Fri,4970,22.0,310.0,0,1,259,5,15,0.07022,Low
X,Reel/Video,9,Sun,9337,14.0,199.0,118,1,1069,78,41,0.16151,High
X,Carousel,13,Fri,4249,26.0,74.0,0,0,78,2,5,0.02565,Low
Facebook,Text,7,Tue,62150,7.0,388.0,0,0,1438,108,102,0.03656,Low
Instagram,Reel/Video,22,Sat,5889,8.0,406.0,34,1,805,54,45,0.20241,High
X,Story,14,Thu,34175,14.0,195.0,166,0,2404,66,146,0.0975,Medium
YouTube,Reel/Video,19,Sat,4656,9.0,427.0,175,0,566,63,41,0.20619,High
X,Image,18,Tue,1338,27.0,373.0,0,0,87,8,5,0.10164,Medium
Instagram,Reel/Video,12,Tue,4430,11.0,450.0,86,1,433,27,27,0.1465,High
YouTube,Reel/Video,9,Sun,1001,11.0,118.0,178,0,80,4,3,0.10689,Medium
Instagram,Text,12,Mon,5954,0.0,45.0,0,1,233,15,17,0.06097,Low
YouTube,Image,19,Tue,50236,20.0,202.0,0,1,4816,184,268,0.13353,High
X,Reel/Video,8,Sun,855,15.0,452.0,22,1,90,6,4,0.14971,High
YouTube,Reel/Video,4,Sun,26553,9.0,350.0,24,0,2813,162,62,0.13592,High
Facebook,Text,16,Tue,2052,7.0,333.0,0,0,94,10,6,0.07505,Low
YouTube,Carousel,1,Mon,40217,15.0,486.0,0,1,1652,90,113,0.06184,Low
YouTube,Carousel,7,Fri,3619,0.0,98.0,0,1,123,3,6,0.04476,Low
YouTube,Image,16,Wed,7399,26.0,226.0,0,1,406,27,4,0.06852,Low
YouTube,Image,0,Fri,4383,0.0,269.0,0,1,207,12,2,0.05772,Low
X,Carousel,2,Sun,9339,15.0,31.0,0,0,412,22,5,0.05386,Low
Instagram,Carousel,4,Sun,1158,29.0,66.0,0,1,73,4,3,0.08636,Medium
Instagram,Story,3,Mon,27419,9.0,341.0,111,1,2259,128,70,0.10916,Medium
X,Reel/Video,16,Tue,21618,4.0,221.0,85,0,822,49,56,0.05778,Low
YouTube,Reel/Video,22,Sun,5644,22.0,174.0,55,1,816,92,49,0.23689,High
Instagram,Reel/Video,8,Mon,349893,10.0,472.0,54,0,25300,2844,1256,0.11464,Medium
YouTube,Reel/Video,17,Sat,4520,,66.0,146,1,415,19,15,0.12102,Medium
X,Image,5,Wed,14148,15.0,444.0,0,0,712,42,32,0.07054,Low
Instagram,Story,8,Tue,3693,25.0,,10,1,319,18,6,0.10913,Medium
Instagram,Image,17,Wed,8045,26.0,98.0,0,0,260,14,17,0.0481,Low
Instagram,Image,22,Wed,10032,30.0,164.0,0,1,632,24,16,0.07815,Medium
Instagram,Reel/Video,6,Tue,5754,10.0,337.0,46,1,523,16,8,0.10619,Medium
